Repository,User,Pull Number,Test,Situation,,
cachethq_Cachet.csv,ajtrichards,248,FALSE,Closed,,
cachethq_Cachet.csv,amondnet,727,FALSE,Merged,,
cachethq_Cachet.csv,andreyev,2825,FALSE,Merged,,
cachethq_Cachet.csv,AntonioKL,3420,TRUE,Open,,
cachethq_Cachet.csv,ATLJLawrie,2254,TRUE,Merged,,
cachethq_Cachet.csv,bnahin,3330,FALSE,Merged,,
cachethq_Cachet.csv,byxorna,369,FALSE,Merged,,
cachethq_Cachet.csv,DanielRuf,3489,FALSE,Merged,,
cachethq_Cachet.csv,danijelk,3005,FALSE,Merged,,
cachethq_Cachet.csv,Diogo-Ferreira,2643,TRUE,Open,,
cachethq_Cachet.csv,easylo,1520,TRUE,Closed,,
cachethq_Cachet.csv,fabian,1624,FALSE,Merged,,
cachethq_Cachet.csv,farhank3389,3022,FALSE,Closed,,
cachethq_Cachet.csv,frconil,455,FALSE,Merged,,
cachethq_Cachet.csv,gitter-badger,30,FALSE,Merged,,
cachethq_Cachet.csv,gm-ah,631,FALSE,Closed,,
cachethq_Cachet.csv,gregkare,831,FALSE,Merged,,
cachethq_Cachet.csv,ILoveYaToo,559,FALSE,Merged,,
cachethq_Cachet.csv,Jamesking56,169,FALSE,Merged,,
cachethq_Cachet.csv,JMousqueton,418,FALSE,Merged,,
cachethq_Cachet.csv,karaktaka,2093,FALSE,Closed,,
cachethq_Cachet.csv,kerrinhardy,3273,FALSE,Merged,,
cachethq_Cachet.csv,krollebol,3140,FALSE,Merged,,
cachethq_Cachet.csv,Lavoaster,593,FALSE,Merged,,
cachethq_Cachet.csv,m1guelpf,2642,TRUE,Merged,,
cachethq_Cachet.csv,manuelgu,984,FALSE,Merged,,
cachethq_Cachet.csv,mbabker,929,FALSE,Merged,,
cachethq_Cachet.csv,mrbase,996,TRUE,Merged,,
cachethq_Cachet.csv,mwillbanks,2263,TRUE,Merged,,
cachethq_Cachet.csv,Naugrimm,3402,FALSE,Open,,
cachethq_Cachet.csv,opengd,3069,FALSE,Merged,,
cachethq_Cachet.csv,oznorts,2595,TRUE,Merged,,
cachethq_Cachet.csv,splitice,1843,FALSE,Merged,,
cachethq_Cachet.csv,tejaswivinod,3460,FALSE,Merged,,
cachethq_Cachet.csv,thijskh,2271,TRUE,Closed,,
cachethq_Cachet.csv,willdurand,311,FALSE,Merged,,
cachethq_Cachet.csv,ZengineChris,1328,FALSE,Merged,,
civicrm_civicrm-core.csv,agilewarealok,12766,TRUE,Merged,,
civicrm_civicrm-core.csv,alifrumin,13065,TRUE,Closed,,
civicrm_civicrm-core.csv,andrewpthompson,12690,FALSE,Merged,,
civicrm_civicrm-core.csv,calbasi,12715,FALSE,Merged,,
civicrm_civicrm-core.csv,jusfreeman,12710,FALSE,Closed,,
civicrm_civicrm-core.csv,kainuk,12725,FALSE,Merged,,
civicrm_civicrm-core.csv,mfrausto-mdw,12887,TRUE,Closed,,
civicrm_civicrm-core.csv,scardinius,12932,FALSE,Closed,,
civicrm_civicrm-core.csv,vinuvarshith,12680,FALSE,Merged,,
civicrm_civicrm-core.csv,xurizaemon,12907,TRUE,Merged,,
DHBW-Projekt_BeePublished.csv,AnniRoc,233,FALSE,Merged,,
DHBW-Projekt_BeePublished.csv,VanessaKohl,101,FALSE,Merged,,
Elgg_Elgg.csv,feroda,9644,FALSE,Merged,,
Elgg_Elgg.csv,jboulen,8387,TRUE,Merged,,
Elgg_Elgg.csv,nirajkaushal,9394,FALSE,Closed,,
Elgg_Elgg.csv,PerJensen,8237,FALSE,Merged,,
Elgg_Elgg.csv,piet0024,10756,FALSE,Merged,,
Elgg_Elgg.csv,propertunist,9852,FALSE,Merged,,
Elgg_Elgg.csv,sh3llc0de,8904,FALSE,Merged,,
Elgg_Elgg.csv,SirbitoX,8681,FALSE,Closed,,
Elgg_Elgg.csv,YanweiJiang,10739,FALSE,Closed,,
laravel_framework.csv,0xbb,9028,TRUE,Closed,,
laravel_framework.csv,0xMatt,6784,TRUE,Closed,,
laravel_framework.csv,2tunnels,9171,FALSE,Closed,,
laravel_framework.csv,36864,23909,TRUE,Merged,,
laravel_framework.csv,4-1-1,17411,FALSE,Merged,,
laravel_framework.csv,aarreedd,16168,FALSE,Closed,,
laravel_framework.csv,abachmann,15899,FALSE,Closed,,
laravel_framework.csv,abhimanyu003,18047,TRUE,Closed,,
laravel_framework.csv,adammparker,23399,FALSE,Merged,,
laravel_framework.csv,adam-prickett,18893,FALSE,Closed,,
laravel_framework.csv,adamtester,6319,TRUE,Merged,,
laravel_framework.csv,adamthehutt,18393,TRUE,Closed,,
laravel_framework.csv,adelf,18732,TRUE,Merged,,
laravel_framework.csv,aejnsn,16198,TRUE,Merged,,
laravel_framework.csv,Aferz,16485,FALSE,Closed,,
laravel_framework.csv,afilippov1985,19506,FALSE,Merged,,
laravel_framework.csv,ahuggins,18871,FALSE,Merged,,
laravel_framework.csv,al0mie,18019,FALSE,Closed,,
laravel_framework.csv,alexgarry,6244,FALSE,Closed,,
laravel_framework.csv,alexrussell,5285,FALSE,Closed,,
laravel_framework.csv,AlexVanderbist,25682,TRUE,Closed,,
laravel_framework.csv,alibo,16693,TRUE,Closed,,
laravel_framework.csv,alihamze,19375,TRUE,Closed,,
laravel_framework.csv,ameliaikeda,15959,TRUE,Merged,,
laravel_framework.csv,andersonef,8742,FALSE,Closed,,
laravel_framework.csv,andizzle,5629,FALSE,Closed,,
laravel_framework.csv,andkom,19259,TRUE,Closed,,
laravel_framework.csv,andrewhood125,8057,FALSE,Closed,,
laravel_framework.csv,andyfleming,5220,FALSE,Closed,,
laravel_framework.csv,angelomaragna,7495,FALSE,Merged,,
laravel_framework.csv,anhskohbo,5582,FALSE,Closed,,
laravel_framework.csv,ankitpokhrel,15704,FALSE,Merged,,
laravel_framework.csv,aocneanu,26111,TRUE,Closed,,
laravel_framework.csv,ArjanSchouten,9452,FALSE,Closed,,
laravel_framework.csv,arthurkushman,22872,FALSE,Closed,,
laravel_framework.csv,asamarcos,16152,TRUE,Merged,,
laravel_framework.csv,assertchris,9006,FALSE,Merged,,
laravel_framework.csv,atefth,16599,TRUE,Closed,,
laravel_framework.csv,austenc,7897,FALSE,Closed,,
laravel_framework.csv,axlf,18206,FALSE,Merged,,
laravel_framework.csv,axlon,26259,TRUE,Closed,,
laravel_framework.csv,Bakke,18276,TRUE,Merged,,
laravel_framework.csv,bancur,17054,FALSE,Merged,,
laravel_framework.csv,bart,6151,FALSE,Merged,,
laravel_framework.csv,bb128b,23630,FALSE,Closed,,
laravel_framework.csv,bbashy,22915,TRUE,Merged,,
laravel_framework.csv,bbiao,24951,FALSE,Closed,,
laravel_framework.csv,bdsoha,16816,TRUE,Closed,,
laravel_framework.csv,bencorlett,5365,TRUE,Closed,,
laravel_framework.csv,bmichotte,15723,TRUE,Merged,,
laravel_framework.csv,bohdan-shulha,18510,TRUE,Closed,,
laravel_framework.csv,BrandonSurowiec,16956,FALSE,Closed,,
laravel_framework.csv,bryanashley,16451,TRUE,Merged,,
laravel_framework.csv,btpoe,8599,FALSE,Merged,,
laravel_framework.csv,bvangraafeiland,7685,TRUE,Merged,,
laravel_framework.csv,bweston92,5759,TRUE,Merged,,
laravel_framework.csv,canvural,25752,TRUE,Merged,,
laravel_framework.csv,CedNet,8596,TRUE,Closed,,
laravel_framework.csv,charliekassel,17840,FALSE,Closed,,
laravel_framework.csv,chimit,19383,TRUE,Closed,,
laravel_framework.csv,chriys,22764,FALSE,Closed,,
laravel_framework.csv,clearcodecn,23696,TRUE,Closed,,
laravel_framework.csv,cliffordjames,8014,FALSE,Closed,,
laravel_framework.csv,CmdrSharp,23575,TRUE,Closed,,
laravel_framework.csv,cmorbitzer,26241,FALSE,Merged,,
laravel_framework.csv,collegeman,18505,FALSE,Closed,,
laravel_framework.csv,comes,16628,TRUE,Merged,,
laravel_framework.csv,connectkushal,25896,TRUE,Merged,,
laravel_framework.csv,cotcotquedec,19128,FALSE,Closed,,
laravel_framework.csv,crazybooot,24077,FALSE,Merged,,
laravel_framework.csv,CrestApps,18490,TRUE,Closed,,
laravel_framework.csv,Cretezy,5388,FALSE,Closed,,
laravel_framework.csv,crhg,25911,TRUE,Closed,,
laravel_framework.csv,crissi,22739,TRUE,Closed,,
laravel_framework.csv,daison12006013,24105,TRUE,Closed,,
laravel_framework.csv,dan-har,16424,TRUE,Merged,,
laravel_framework.csv,danielboendergaard,5811,FALSE,Closed,,
laravel_framework.csv,danielgelling,6367,FALSE,Merged,,
laravel_framework.csv,daniel-gomes-sociomantic,24895,FALSE,Closed,,
laravel_framework.csv,danjordan,7374,FALSE,Merged,,
laravel_framework.csv,DanSmith83,7141,FALSE,Merged,,
laravel_framework.csv,darron1217,24507,FALSE,Closed,,
laravel_framework.csv,Data33,23306,TRUE,Closed,,
laravel_framework.csv,davejamesmiller,6648,TRUE,Merged,,
laravel_framework.csv,davidstanley01,24621,TRUE,Merged,,
laravel_framework.csv,daylerees,6782,TRUE,Merged,,
laravel_framework.csv,DFurnes,18867,TRUE,Merged,,
laravel_framework.csv,dimitri-koenig,24533,TRUE,Closed,,
laravel_framework.csv,dinhquochan,23560,TRUE,Merged,,
laravel_framework.csv,djtarazona,16455,TRUE,Closed,,
laravel_framework.csv,dlawrence,5531,FALSE,Merged,,
laravel_framework.csv,dmartinezml,24348,TRUE,Closed,,
laravel_framework.csv,dmytrechko,17890,TRUE,Merged,,
laravel_framework.csv,DominusVilicus,16958,FALSE,Closed,,
laravel_framework.csv,donnysim,24973,TRUE,Closed,,
laravel_framework.csv,dpsarrou,26359,TRUE,Closed,,
laravel_framework.csv,drjonnicholson,22857,TRUE,Merged,,
laravel_framework.csv,dusterio,18585,TRUE,Closed,,
laravel_framework.csv,Dylan-DutchAndBold,25015,TRUE,Merged,,
laravel_framework.csv,e1himself,8514,TRUE,Merged,,
laravel_framework.csv,ebrahimradi,9126,TRUE,Closed,,
laravel_framework.csv,ebynum,9194,TRUE,Merged,,
laravel_framework.csv,eccozhou,16041,TRUE,Merged,,
laravel_framework.csv,edcs,8787,FALSE,Merged,,
laravel_framework.csv,eemrekaya,24333,TRUE,Closed,,
laravel_framework.csv,elliotfehr,6616,FALSE,Closed,,
laravel_framework.csv,ElMatella,15823,TRUE,Closed,,
laravel_framework.csv,elpete,8128,TRUE,Closed,,
laravel_framework.csv,emiliopedrollo,26421,TRUE,Merged,,
laravel_framework.csv,emilniklas,6735,FALSE,Merged,,
laravel_framework.csv,ericcch,6447,FALSE,Closed,,
laravel_framework.csv,erickubenka,7610,FALSE,Merged,,
laravel_framework.csv,erikgaal,22754,FALSE,Merged,,
laravel_framework.csv,erusso87,24692,TRUE,Closed,,
laravel_framework.csv,Evertt,15910,TRUE,Merged,,
laravel_framework.csv,EvodiaAut,25732,TRUE,Merged,,
laravel_framework.csv,evsign,18855,TRUE,Merged,,
laravel_framework.csv,FatBoyXPC,23397,TRUE,Merged,,
laravel_framework.csv,faytzel,5571,FALSE,Merged,,
laravel_framework.csv,fgilio,17093,FALSE,Merged,,
laravel_framework.csv,fifsky,17786,FALSE,Closed,,
laravel_framework.csv,finagin,24590,FALSE,Closed,,
laravel_framework.csv,findstar,6905,TRUE,Merged,,
laravel_framework.csv,Flynsarmy,8614,FALSE,Merged,,
laravel_framework.csv,fmwww,24870,TRUE,Closed,,
laravel_framework.csv,fntneves,23823,TRUE,Closed,,
laravel_framework.csv,footballencarta,18157,TRUE,Merged,,
laravel_framework.csv,forsartis,7642,TRUE,Closed,,
laravel_framework.csv,frankperez87,17258,TRUE,Merged,,
laravel_framework.csv,fredriklaason,8985,FALSE,Merged,,
laravel_framework.csv,FrittenKeeZ,19179,FALSE,Closed,,
laravel_framework.csv,fureszpeter,8918,TRUE,Merged,,
laravel_framework.csv,ganeko,19029,FALSE,Closed,,
laravel_framework.csv,gaohuag,19269,TRUE,Merged,,
laravel_framework.csv,georgexsh,25368,TRUE,Merged,,
laravel_framework.csv,gerrywastaken,9307,TRUE,Merged,,
laravel_framework.csv,ghabxph,24038,FALSE,Merged,,
laravel_framework.csv,GhiMax,15634,FALSE,Closed,,
laravel_framework.csv,ght,24939,FALSE,Closed,,
laravel_framework.csv,GMiLL5,7937,TRUE,Merged,,
laravel_framework.csv,gmsantos,19245,TRUE,Merged,,
laravel_framework.csv,goncons,5382,TRUE,Merged,,
laravel_framework.csv,gonzunigad,7473,FALSE,Merged,,
laravel_framework.csv,gregoriohc,23230,FALSE,Merged,,
laravel_framework.csv,Grummfy,24802,TRUE,Closed,,
laravel_framework.csv,gsingh1,24265,TRUE,Closed,,
laravel_framework.csv,guilhermeportela,23982,TRUE,Closed,,
laravel_framework.csv,guizoxxv,24716,FALSE,Merged,,
laravel_framework.csv,Gwill,8706,TRUE,Merged,,
laravel_framework.csv,hafezdivandari,15430,FALSE,Merged,,
laravel_framework.csv,harhoo,6337,FALSE,Merged,,
laravel_framework.csv,henrikromby,6749,FALSE,Closed,,
laravel_framework.csv,hezhiying,19568,TRUE,Merged,,
laravel_framework.csv,hichxm,26342,TRUE,Closed,,
laravel_framework.csv,hmazter,23616,FALSE,Merged,,
laravel_framework.csv,HolgerW1,8381,TRUE,Closed,,
laravel_framework.csv,hosmelq,7911,TRUE,Merged,,
laravel_framework.csv,hp197,22734,FALSE,Closed,,
laravel_framework.csv,hskrasek,17720,FALSE,Merged,,
laravel_framework.csv,HSPDev,16849,TRUE,Merged,,
laravel_framework.csv,hughgrigg,15547,FALSE,Merged,,
laravel_framework.csv,Hugome,17941,TRUE,Merged,,
laravel_framework.csv,hz61p1,18298,TRUE,Closed,,
laravel_framework.csv,iamalirezaj,16506,TRUE,Merged,,
laravel_framework.csv,iget-esoares,23838,FALSE,Closed,,
laravel_framework.csv,initx,18949,TRUE,Merged,,
laravel_framework.csv,insign,5926,TRUE,Closed,,
laravel_framework.csv,ioluas,24168,TRUE,Merged,,
laravel_framework.csv,Ismaile7,25909,TRUE,Merged,,
laravel_framework.csv,IsraelOrtuno,7519,TRUE,Closed,,
laravel_framework.csv,it-can,15544,FALSE,Merged,,
laravel_framework.csv,iWader,6916,FALSE,Closed,,
laravel_framework.csv,j3j5,25144,TRUE,Closed,,
laravel_framework.csv,Jalle19,23409,TRUE,Closed,,
laravel_framework.csv,jamiehd,24106,TRUE,Closed,,
laravel_framework.csv,janakaonline,19084,TRUE,Closed,,
laravel_framework.csv,jasonvarga,9318,TRUE,Merged,,
laravel_framework.csv,Jaspaul,18657,TRUE,Closed,,
laravel_framework.csv,JayPHP,18882,TRUE,Merged,,
laravel_framework.csv,jbaron-mx,17408,TRUE,Closed,,
laravel_framework.csv,jdavidbakr,16365,TRUE,Closed,,
laravel_framework.csv,jeanjar,24185,FALSE,Closed,,
laravel_framework.csv,JeffreyWay,5768,TRUE,Closed,,
laravel_framework.csv,jenssegers,5372,TRUE,Closed,,
laravel_framework.csv,jeremeamia,8934,TRUE,Merged,,
laravel_framework.csv,JessMoran,26316,FALSE,Merged,,
laravel_framework.csv,JesusLeon,8080,FALSE,Closed,,
laravel_framework.csv,jirehstudios,23260,TRUE,Closed,,
laravel_framework.csv,jitendra-1217,25949,TRUE,Merged,,
laravel_framework.csv,jonnsl,24190,TRUE,Closed,,
laravel_framework.csv,joshhornby,5998,TRUE,Merged,,
laravel_framework.csv,joshwhatk,17804,TRUE,Merged,,
laravel_framework.csv,jpuck,25110,TRUE,Merged,,
laravel_framework.csv,jrhenderson1988,22964,TRUE,Closed,,
laravel_framework.csv,jtgrimes,23880,TRUE,Merged,,
laravel_framework.csv,JuaumCruz,18359,TRUE,Closed,,
laravel_framework.csv,judahnator,26143,TRUE,Closed,,
laravel_framework.csv,juliusza,23217,TRUE,Closed,,
laravel_framework.csv,justin-lau,8176,TRUE,Closed,,
laravel_framework.csv,jwcobb,16173,FALSE,Closed,,
laravel_framework.csv,KaneCohen,16777,TRUE,Merged,,
laravel_framework.csv,kaymes,8729,FALSE,Closed,,
laravel_framework.csv,kbirmhrjn,6826,FALSE,Merged,,
laravel_framework.csv,kduma,16017,TRUE,Merged,,
laravel_framework.csv,kendugu,18652,TRUE,Closed,,
laravel_framework.csv,kipal,26273,FALSE,Merged,,
laravel_framework.csv,kirba,25557,TRUE,Closed,,
laravel_framework.csv,kirkbushell,7979,TRUE,Closed,,
laravel_framework.csv,KisGabo,22656,FALSE,Closed,,
laravel_framework.csv,klermonte,8882,FALSE,Merged,,
laravel_framework.csv,konomae,7345,FALSE,Merged,,
laravel_framework.csv,lamoni,8088,FALSE,Closed,,
laravel_framework.csv,letungit90,18796,TRUE,Merged,,
laravel_framework.csv,lifeofguenter,17295,FALSE,Merged,,
laravel_framework.csv,limonte,9264,TRUE,Closed,,
laravel_framework.csv,loginwashere,9218,FALSE,Merged,,
laravel_framework.csv,lowerends,8808,TRUE,Closed,,
laravel_framework.csv,LucasLeandro1204,25179,TRUE,Merged,,
laravel_framework.csv,luchaos,23945,FALSE,Merged,,
laravel_framework.csv,luoxiaojun1992,25252,TRUE,Merged,,
laravel_framework.csv,lwl1989,24258,TRUE,Closed,,
laravel_framework.csv,maaarghk,25688,FALSE,Closed,,
laravel_framework.csv,MaartenStaa,7184,TRUE,Closed,,
laravel_framework.csv,macdabby,17973,TRUE,Merged,,
laravel_framework.csv,mackiecarr,7386,FALSE,Merged,,
laravel_framework.csv,maddhatter,17343,TRUE,Closed,,
laravel_framework.csv,maddios,5965,FALSE,Merged,,
laravel_framework.csv,MadMikeyB,22888,TRUE,Merged,,
laravel_framework.csv,madslundholmdk,6561,FALSE,Closed,,
laravel_framework.csv,MammutAlex,16112,FALSE,Merged,,
laravel_framework.csv,manavo,5853,TRUE,Merged,,
laravel_framework.csv,manierim,18997,TRUE,Closed,,
laravel_framework.csv,MarceauKa,16983,FALSE,Closed,,
laravel_framework.csv,markhuot,6609,FALSE,Merged,,
laravel_framework.csv,markokeeffe,17404,FALSE,Closed,,
laravel_framework.csv,marktopper,17924,TRUE,Merged,,
laravel_framework.csv,markvaneijk,19148,TRUE,Closed,,
laravel_framework.csv,MarkVaughn,17424,TRUE,Merged,,
laravel_framework.csv,martindale-hubbell,7489,TRUE,Merged,,
laravel_framework.csv,mavsan,16594,TRUE,Merged,,
laravel_framework.csv,MaxGiting,24498,TRUE,Closed,,
laravel_framework.csv,MeiRct,8911,FALSE,Merged,,
laravel_framework.csv,mendicm,19273,FALSE,Closed,,
laravel_framework.csv,mfjordvald,8288,FALSE,Closed,,
laravel_framework.csv,mikemand,16105,TRUE,Merged,,
laravel_framework.csv,mirovit,5680,FALSE,Merged,,
laravel_framework.csv,misog,15598,FALSE,Closed,,
laravel_framework.csv,mixartemev,25727,TRUE,Closed,,
laravel_framework.csv,mjpvandenberg,9113,TRUE,Merged,,
laravel_framework.csv,mmeyer2k,5792,FALSE,Merged,,
laravel_framework.csv,mnishihan,23032,TRUE,Closed,,
laravel_framework.csv,mohamednagy,22946,TRUE,Closed,,
laravel_framework.csv,mohamedsabil83,26402,TRUE,Closed,,
laravel_framework.csv,morloderex,24512,TRUE,Merged,,
laravel_framework.csv,mortenhauberg,7158,FALSE,Merged,,
laravel_framework.csv,mpociot,16683,TRUE,Merged,,
laravel_framework.csv,mrdezzods,15713,FALSE,Closed,,
laravel_framework.csv,mruoss,5449,TRUE,Merged,,
laravel_framework.csv,mvalim,5923,FALSE,Merged,,
laravel_framework.csv,mxaddict,9046,FALSE,Merged,,
laravel_framework.csv,nathanjisaac,17504,FALSE,Merged,,
laravel_framework.csv,neomerx,7079,TRUE,Merged,,
laravel_framework.csv,ngyikp,23960,FALSE,Merged,,
laravel_framework.csv,nickshatilo,26015,FALSE,Closed,,
laravel_framework.csv,nielsenmg,18091,TRUE,Closed,,
laravel_framework.csv,nirradian,16982,FALSE,Merged,,
laravel_framework.csv,nodren,5482,TRUE,Merged,,
laravel_framework.csv,nrdmn,24499,FALSE,Closed,,
laravel_framework.csv,nueko,16034,TRUE,Merged,,
laravel_framework.csv,olegpopadko,5560,TRUE,Merged,,
laravel_framework.csv,om3rcitak,15651,TRUE,Merged,,
laravel_framework.csv,orediggerco,17078,TRUE,Closed,,
laravel_framework.csv,ottoszika,23445,FALSE,Closed,,
laravel_framework.csv,OzairP,22919,TRUE,Closed,,
laravel_framework.csv,pablorsk,26382,TRUE,Closed,,
laravel_framework.csv,pakogn,15653,FALSE,Closed,,
laravel_framework.csv,panlatent,6030,FALSE,Closed,,
laravel_framework.csv,patrickbrouwers,8843,TRUE,Merged,,
laravel_framework.csv,pdewit,17357,TRUE,Merged,,
laravel_framework.csv,perkola,7471,TRUE,Closed,,
laravel_framework.csv,pet1330,25280,TRUE,Merged,,
laravel_framework.csv,petersuhm,5720,TRUE,Merged,,
laravel_framework.csv,petervmeijgaard,16028,TRUE,Merged,,
laravel_framework.csv,PGBI,18895,TRUE,Merged,,
laravel_framework.csv,PhiloNL,18126,TRUE,Closed,,
laravel_framework.csv,philsturgeon,7587,TRUE,Merged,,
laravel_framework.csv,phipla,7083,FALSE,Merged,,
laravel_framework.csv,pinepain,5925,TRUE,Merged,,
laravel_framework.csv,praalhans,17616,FALSE,Closed,,
laravel_framework.csv,ps92,18003,TRUE,Closed,,
laravel_framework.csv,ptsilva,9249,TRUE,Closed,,
laravel_framework.csv,puggan,18084,TRUE,Merged,,
laravel_framework.csv,pvdptje,7277,TRUE,Closed,,
laravel_framework.csv,raftalks,25091,TRUE,Merged,,
laravel_framework.csv,rajjanorkar,23122,TRUE,Closed,,
laravel_framework.csv,rakesh-beedasy,18646,TRUE,Merged,,
laravel_framework.csv,ramon-wsg,16038,FALSE,Merged,,
laravel_framework.csv,rayrutjes,8633,TRUE,Closed,,
laravel_framework.csv,rbochenski,25934,FALSE,Merged,,
laravel_framework.csv,rdarcy1,22688,TRUE,Closed,,
laravel_framework.csv,rigor789,9203,TRUE,Merged,,
laravel_framework.csv,rikh42,6441,FALSE,Closed,,
laravel_framework.csv,rikless,15438,TRUE,Merged,,
laravel_framework.csv,robjbrain,16294,TRUE,Closed,,
laravel_framework.csv,rogue780,6703,FALSE,Closed,,
laravel_framework.csv,Rowayda-Khayri,25952,TRUE,Closed,,
laravel_framework.csv,rrylee,18248,FALSE,Merged,,
laravel_framework.csv,rspraymond,17684,FALSE,Merged,,
laravel_framework.csv,rs-sliske,23062,TRUE,Closed,,
laravel_framework.csv,rtablada,5620,FALSE,Merged,,
laravel_framework.csv,r-takky,23606,TRUE,Closed,,
laravel_framework.csv,rtconner,7978,TRUE,Closed,,
laravel_framework.csv,Rubemlrm,8943,FALSE,Closed,,
laravel_framework.csv,Rudnev,26140,TRUE,Merged,,
laravel_framework.csv,rweas,8438,TRUE,Merged,,
laravel_framework.csv,RyanThompson,23456,TRUE,Closed,,
laravel_framework.csv,ryun,9097,FALSE,Closed,,
laravel_framework.csv,saaiful,6878,FALSE,Closed,,
laravel_framework.csv,salebab,6711,FALSE,Merged,,
laravel_framework.csv,samcrosoft,23106,FALSE,Merged,,
laravel_framework.csv,samgreenwood,18447,TRUE,Merged,,
laravel_framework.csv,samlev,15831,TRUE,Merged,,
laravel_framework.csv,SamsamBabadi,18235,FALSE,Merged,,
laravel_framework.csv,sarciszewski,8487,TRUE,Closed,,
laravel_framework.csv,schleumer,15618,FALSE,Closed,,
laravel_framework.csv,Schnoop,16346,TRUE,Closed,,
laravel_framework.csv,scil,25001,TRUE,Closed,,
laravel_framework.csv,scottlaurent,17470,TRUE,Merged,,
laravel_framework.csv,sebastiaanluca,7831,FALSE,Merged,,
laravel_framework.csv,seblavoie,17421,TRUE,Merged,,
laravel_framework.csv,shamiao,8237,TRUE,Closed,,
laravel_framework.csv,Shawty81,25677,TRUE,Merged,,
laravel_framework.csv,Shegl,23236,TRUE,Merged,,
laravel_framework.csv,shulard,17898,TRUE,Merged,,
laravel_framework.csv,sifex,22868,TRUE,Merged,,
laravel_framework.csv,sigee,19500,TRUE,Closed,,
laravel_framework.csv,silwerclaw,17756,TRUE,Merged,,
laravel_framework.csv,SirCumz,15592,FALSE,Merged,,
laravel_framework.csv,Skysplit,15563,TRUE,Merged,,
laravel_framework.csv,slaughter550,15777,FALSE,Closed,,
laravel_framework.csv,sn0opr,8552,TRUE,Closed,,
laravel_framework.csv,Snake231088,22680,TRUE,Closed,,
laravel_framework.csv,snjypl,7179,FALSE,Closed,,
laravel_framework.csv,soundsgoodsofar,16495,FALSE,Merged,,
laravel_framework.csv,spawnia,26174,FALSE,Closed,,
laravel_framework.csv,spencerdeinum,8737,TRUE,Closed,,
laravel_framework.csv,spyp,25318,TRUE,Merged,,
laravel_framework.csv,ss10sb,7300,FALSE,Closed,,
laravel_framework.csv,ssi-anik,22870,FALSE,Closed,,
laravel_framework.csv,sstutz,7067,TRUE,Closed,,
laravel_framework.csv,stefanoruth,6608,FALSE,Closed,,
laravel_framework.csv,steveneaston,8606,FALSE,Closed,,
laravel_framework.csv,stvnyung,25808,TRUE,Merged,,
laravel_framework.csv,sunspikes,8587,TRUE,Merged,,
laravel_framework.csv,swalker2,19494,TRUE,Closed,,
laravel_framework.csv,swiggles,7932,FALSE,Closed,,
laravel_framework.csv,taisph,17803,FALSE,Closed,,
laravel_framework.csv,tandiljuan,7988,FALSE,Closed,,
laravel_framework.csv,tdondich,18350,TRUE,Closed,,
laravel_framework.csv,TechyTimo,7119,FALSE,Closed,,
laravel_framework.csv,tedslittlerobot,5172,FALSE,Merged,,
laravel_framework.csv,TerrePorter,9061,FALSE,Merged,,
laravel_framework.csv,texmorgan,8255,FALSE,Merged,,
laravel_framework.csv,thannaske,24728,TRUE,Closed,,
laravel_framework.csv,TheDeadCode,17834,FALSE,Closed,,
laravel_framework.csv,thijsvdanker,25608,TRUE,Closed,,
laravel_framework.csv,thyyppa,5652,FALSE,Closed,,
laravel_framework.csv,tkeer,18990,TRUE,Closed,,
laravel_framework.csv,tmalecki,5721,TRUE,Closed,,
laravel_framework.csv,tobikris,9413,TRUE,Merged,,
laravel_framework.csv,TomasVotruba,5409,FALSE,Merged,,
laravel_framework.csv,tomgillett,9274,FALSE,Closed,,
laravel_framework.csv,tormit,7961,TRUE,Closed,,
laravel_framework.csv,tpraxl,15785,FALSE,Closed,,
laravel_framework.csv,tssge,22706,TRUE,Closed,,
laravel_framework.csv,tvbeek,24082,TRUE,Merged,,
laravel_framework.csv,tylercrompton,6545,TRUE,Closed,,
laravel_framework.csv,tzsk,24223,TRUE,Closed,,
laravel_framework.csv,uicosp,16850,TRUE,Merged,,
laravel_framework.csv,usm4n,6308,FALSE,Merged,,
laravel_framework.csv,uxweb,15689,TRUE,Closed,,
laravel_framework.csv,vanchelo,5384,FALSE,Merged,,
laravel_framework.csv,voidstate,17290,FALSE,Closed,,
laravel_framework.csv,vpratfr,18200,TRUE,Closed,,
laravel_framework.csv,vyuldashev,23414,TRUE,Merged,,
laravel_framework.csv,vzool,23405,TRUE,Closed,,
laravel_framework.csv,WaylandAce,5314,TRUE,Closed,,
laravel_framework.csv,web-engineer,26438,TRUE,Closed,,
laravel_framework.csv,weotch,18287,FALSE,Merged,,
laravel_framework.csv,wuwx,17067,TRUE,Closed,,
laravel_framework.csv,Xethron,16120,TRUE,Merged,,
laravel_framework.csv,xian13,7290,TRUE,Merged,,
laravel_framework.csv,xuqihua,18300,FALSE,Merged,,
laravel_framework.csv,xxxcoltxxx,24008,FALSE,Merged,,
laravel_framework.csv,x-yuri,16583,TRUE,Closed,,
laravel_framework.csv,yabafinet,22709,TRUE,Closed,,
laravel_framework.csv,yemenifree,23331,TRUE,Closed,,
laravel_framework.csv,yesdevnull,7502,TRUE,Merged,,
laravel_framework.csv,yuchonghua,25959,TRUE,Merged,,
laravel_framework.csv,yusufyilmaz,17917,TRUE,Merged,,
laravel_framework.csv,zaknesler,25111,FALSE,Merged,,
laravel_framework.csv,zgosalvez,7662,FALSE,Merged,,
laravel_framework.csv,zlatevbg,18252,TRUE,Closed,,
owncloud_core.csv,aidanamavi,16912,TRUE,Merged,,
owncloud_core.csv,AndreasErgenzinger,2680,FALSE,Merged,,
owncloud_core.csv,aspdye,19838,FALSE,Merged,,
owncloud_core.csv,AustrianDC,29347,TRUE,Merged,,
owncloud_core.csv,bastienho,3299,TRUE,Closed,,
owncloud_core.csv,bitboss-ca,4364,FALSE,Merged,,
owncloud_core.csv,Boulet-,1806,FALSE,Merged,,
owncloud_core.csv,buczek,5424,FALSE,Merged,,
owncloud_core.csv,cgroschupp,17975,TRUE,Merged,,
owncloud_core.csv,davidgumberg,1206,FALSE,Closed,,
owncloud_core.csv,davitol,30287,TRUE,Merged,,
owncloud_core.csv,edwardcrompton,19872,TRUE,Merged,,
owncloud_core.csv,evgeni,3554,FALSE,Merged,,
owncloud_core.csv,felixboehm,5447,TRUE,Merged,,
owncloud_core.csv,FlashPanther,371,FALSE,Merged,,
owncloud_core.csv,foobarable,18682,FALSE,Merged,,
owncloud_core.csv,ganomi,6089,TRUE,Merged,,
owncloud_core.csv,hasso,18306,TRUE,Closed,,
owncloud_core.csv,hutchic,19683,TRUE,Merged,,
owncloud_core.csv,imujjwal96,28947,FALSE,Closed,,
owncloud_core.csv,itn3rd77,2567,FALSE,Merged,,
owncloud_core.csv,JackWillDavis,20765,FALSE,Merged,,
owncloud_core.csv,jakobsack,4270,TRUE,Merged,,
owncloud_core.csv,jbtbnl,6844,FALSE,Merged,,
owncloud_core.csv,joeyberkovitz,31088,TRUE,Merged,,
owncloud_core.csv,kev300,6445,FALSE,Merged,,
owncloud_core.csv,kossebau,4726,FALSE,Merged,,
owncloud_core.csv,Lutacon,29994,TRUE,Merged,,
owncloud_core.csv,maelzx,1786,FALSE,Merged,,
owncloud_core.csv,MarcelKilgus,6768,TRUE,Merged,,
owncloud_core.csv,masakik,4635,FALSE,Merged,,
owncloud_core.csv,michi-roth,17282,FALSE,Merged,,
owncloud_core.csv,miicha,3182,FALSE,Closed,,
owncloud_core.csv,mitar,20804,TRUE,Merged,,
owncloud_core.csv,moisespsena,3865,FALSE,Merged,,
owncloud_core.csv,mrtorrent,2584,TRUE,Merged,,
owncloud_core.csv,muglug,30261,TRUE,Merged,,
owncloud_core.csv,nhirokinet,6517,FALSE,Merged,,
owncloud_core.csv,Originalimoc,28540,TRUE,Merged,,
owncloud_core.csv,otetard,20049,TRUE,Merged,,
owncloud_core.csv,pandeykartikey,30304,TRUE,Merged,,
owncloud_core.csv,pdessauw,6208,FALSE,Merged,,
owncloud_core.csv,phlb,16915,FALSE,Merged,,
owncloud_core.csv,pmaier1,31436,TRUE,Merged,,
owncloud_core.csv,RandolfCarter,945,FALSE,Merged,,
owncloud_core.csv,rnveach,6687,FALSE,Merged,,
owncloud_core.csv,robert-scheck,31857,TRUE,Merged,,
owncloud_core.csv,schnidrig,18977,TRUE,Merged,,
owncloud_core.csv,scolebrook,20010,TRUE,Merged,,
owncloud_core.csv,sennl,3691,TRUE,Closed,,
owncloud_core.csv,simonkoennecke,6018,TRUE,Merged,,
owncloud_core.csv,stephanarts,3682,FALSE,Merged,,
owncloud_core.csv,ThePatzen,4067,TRUE,Merged,,
owncloud_core.csv,tsumi,6598,FALSE,Merged,,
symfony_symfony.csv,1ed,26896,TRUE,Merged,,
symfony_symfony.csv,aaa2000,28728,TRUE,Merged,,
symfony_symfony.csv,acasademont,27904,FALSE,Merged,,
symfony_symfony.csv,ad3n,20520,TRUE,Closed,,
symfony_symfony.csv,adrian-enspired,27879,TRUE,Merged,,
symfony_symfony.csv,ahmadmayahi,26975,TRUE,Merged,,
symfony_symfony.csv,AlaaAttya,20474,TRUE,Closed,,
symfony_symfony.csv,alcaeus,20286,TRUE,Closed,,
symfony_symfony.csv,alexander-schranz,28474,FALSE,Merged,,
symfony_symfony.csv,alexpozzi,26658,TRUE,Merged,,
symfony_symfony.csv,arderyp,27310,TRUE,Merged,,
symfony_symfony.csv,arkste,24710,FALSE,Merged,,
symfony_symfony.csv,azhurb,28032,TRUE,Closed,,
symfony_symfony.csv,backbone87,20079,TRUE,Merged,,
symfony_symfony.csv,bburnichon,24699,TRUE,Merged,,
symfony_symfony.csv,beebop1032,27556,TRUE,Merged,,
symfony_symfony.csv,bendavies,28456,TRUE,Merged,,
symfony_symfony.csv,betzholz,25578,TRUE,Closed,,
symfony_symfony.csv,B-Galati,26247,TRUE,Closed,,
symfony_symfony.csv,blazarecki,24770,TRUE,Merged,,
symfony_symfony.csv,bobvandevijver,20717,FALSE,Merged,,
symfony_symfony.csv,bocharsky-bw,19794,TRUE,Merged,,
symfony_symfony.csv,boombatower,19558,TRUE,Closed,,
symfony_symfony.csv,bradbyu,18770,FALSE,Merged,,
symfony_symfony.csv,cbj4074,27138,TRUE,Merged,,
symfony_symfony.csv,ChangePlaces,28264,TRUE,Merged,,
symfony_symfony.csv,corphi,26998,FALSE,Merged,,
symfony_symfony.csv,Cydonia7,19400,TRUE,Closed,,
symfony_symfony.csv,dbu,18994,FALSE,Closed,,
symfony_symfony.csv,debreczeniandras,28497,TRUE,Merged,,
symfony_symfony.csv,delboy1978uk,24606,TRUE,Closed,,
symfony_symfony.csv,Deltachaos,18762,TRUE,Closed,,
symfony_symfony.csv,dionysiosarvanitis,19644,FALSE,Closed,,
symfony_symfony.csv,dkarlovi,25532,TRUE,Merged,,
symfony_symfony.csv,dmifedorenko,26012,TRUE,Merged,,
symfony_symfony.csv,docteurklein,25480,TRUE,Merged,,
symfony_symfony.csv,downace,28388,TRUE,Merged,,
symfony_symfony.csv,ebuildy,25631,TRUE,Closed,,
symfony_symfony.csv,Einenlum,28220,TRUE,Merged,,
symfony_symfony.csv,emmilive,20413,TRUE,Closed,,
symfony_symfony.csv,e-moe,25745,TRUE,Merged,,
symfony_symfony.csv,enleur,25594,TRUE,Closed,,
symfony_symfony.csv,ergiegonzaga,26157,TRUE,Merged,,
symfony_symfony.csv,fbourigault,28504,TRUE,Merged,,
symfony_symfony.csv,fnagel,27559,TRUE,Closed,,
symfony_symfony.csv,fncmedia,18972,TRUE,Closed,,
symfony_symfony.csv,fre5h,18745,FALSE,Merged,,
symfony_symfony.csv,fruitwasp,20389,TRUE,Closed,,
symfony_symfony.csv,fxbt,26770,TRUE,Merged,,
symfony_symfony.csv,GaylordP,26439,TRUE,Closed,,
symfony_symfony.csv,GrahamCampbell,19242,TRUE,Closed,,
symfony_symfony.csv,gregurco,28395,TRUE,Closed,,
symfony_symfony.csv,i3or1s,26773,TRUE,Merged,,
symfony_symfony.csv,iisisrael,25720,TRUE,Merged,,
symfony_symfony.csv,IndraGunawan,20530,FALSE,Closed,,
symfony_symfony.csv,instabledesign,26445,TRUE,Closed,,
symfony_symfony.csv,ivanbarlog,25427,TRUE,Closed,,
symfony_symfony.csv,j4nr6n,28267,FALSE,Closed,,
symfony_symfony.csv,jakubkulhan,25261,TRUE,Closed,,
symfony_symfony.csv,janczer,19164,FALSE,Merged,,
symfony_symfony.csv,Jean-Beru,24568,FALSE,Closed,,
symfony_symfony.csv,jenkoian,25078,FALSE,Merged,,
symfony_symfony.csv,Jeroeny,27655,TRUE,Merged,,
symfony_symfony.csv,jezemery,18999,TRUE,Merged,,
symfony_symfony.csv,jfredon,27890,TRUE,Merged,,
symfony_symfony.csv,johnatannvmd,19524,TRUE,Merged,,
symfony_symfony.csv,jrjohnson,25422,TRUE,Closed,,
symfony_symfony.csv,Keeo,18823,TRUE,Merged,,
symfony_symfony.csv,kijamve,28753,TRUE,Merged,,
symfony_symfony.csv,kirkmadera,24732,TRUE,Merged,,
symfony_symfony.csv,kmadejski,26971,TRUE,Closed,,
symfony_symfony.csv,Korbeil,27768,TRUE,Merged,,
symfony_symfony.csv,krzysiekpiasecki,18751,FALSE,Merged,,
symfony_symfony.csv,kylekatarnls,27282,TRUE,Closed,,
symfony_symfony.csv,l3l0,19020,TRUE,Merged,,
symfony_symfony.csv,lbassin,28527,FALSE,Closed,,
symfony_symfony.csv,leberknecht,25801,TRUE,Closed,,
symfony_symfony.csv,lexcast,28678,TRUE,Merged,,
symfony_symfony.csv,louhde,27845,TRUE,Merged,,
symfony_symfony.csv,lsmith77,26202,TRUE,Closed,,
symfony_symfony.csv,lsv,27476,TRUE,Merged,,
symfony_symfony.csv,maldoinc,19295,TRUE,Closed,,
symfony_symfony.csv,mbabker,25410,FALSE,Merged,,
symfony_symfony.csv,mbeccati,19540,TRUE,Merged,,
symfony_symfony.csv,mhujer,24665,FALSE,Merged,,
symfony_symfony.csv,mickadoo,20210,TRUE,Closed,,
symfony_symfony.csv,mickaelandrieu,24937,TRUE,Closed,,
symfony_symfony.csv,mlocati,26605,TRUE,Merged,,
symfony_symfony.csv,monojp,27519,TRUE,Merged,,
symfony_symfony.csv,mul14,28117,TRUE,Merged,,
symfony_symfony.csv,mxp100,24455,TRUE,Merged,,
symfony_symfony.csv,noahheck,20548,TRUE,Merged,,
symfony_symfony.csv,noniagriconomie,26435,FALSE,Closed,,
symfony_symfony.csv,okdana,19522,FALSE,Merged,,
symfony_symfony.csv,okorneliuk,26545,FALSE,Merged,,
symfony_symfony.csv,patrickcarlohickman,28489,FALSE,Closed,,
symfony_symfony.csv,Pherserk,20054,TRUE,Closed,,
symfony_symfony.csv,pjordaan,24413,TRUE,Closed,,
symfony_symfony.csv,polc,28758,TRUE,Closed,,
symfony_symfony.csv,remicollet,19254,TRUE,Closed,,
symfony_symfony.csv,respinoza,28582,TRUE,Closed,,
symfony_symfony.csv,Rikijs,19917,FALSE,Merged,,
symfony_symfony.csv,robinvdvleuten,19399,TRUE,Closed,,
symfony_symfony.csv,rrehbein,26870,TRUE,Merged,,
symfony_symfony.csv,rs-orlov,25297,TRUE,Merged,,
symfony_symfony.csv,sanmai,27297,TRUE,Merged,,
symfony_symfony.csv,SCIF,19339,TRUE,Closed,,
symfony_symfony.csv,Seb33300,28476,TRUE,Merged,,
symfony_symfony.csv,Seldaek,20518,TRUE,Merged,,
symfony_symfony.csv,SerkanYildiz,24880,FALSE,Merged,,
symfony_symfony.csv,ShinDarth,20253,FALSE,Merged,,
symfony_symfony.csv,shrikeh,20535,TRUE,Closed,,
symfony_symfony.csv,sir-kain,27764,TRUE,Merged,,
symfony_symfony.csv,siwinski,24651,TRUE,Merged,,
symfony_symfony.csv,stampycode,20029,TRUE,Merged,,
symfony_symfony.csv,stephank,25325,TRUE,Merged,,
symfony_symfony.csv,syastrebov,26777,TRUE,Closed,,
symfony_symfony.csv,symcaster,26891,TRUE,Closed,,
symfony_symfony.csv,Taluu,18983,FALSE,Merged,,
symfony_symfony.csv,tamc,26063,TRUE,Merged,,
symfony_symfony.csv,tarlepp,27182,TRUE,Merged,,
symfony_symfony.csv,taueres,19084,TRUE,Closed,,
symfony_symfony.csv,tflori,25510,TRUE,Merged,,
symfony_symfony.csv,theofidry,19276,TRUE,Closed,,
symfony_symfony.csv,tony-tran,26288,TRUE,Merged,,
symfony_symfony.csv,tzfrs,26518,TRUE,Merged,,
symfony_symfony.csv,umulmrum,25525,FALSE,Closed,,
symfony_symfony.csv,unexge,19683,TRUE,Closed,,
symfony_symfony.csv,uuf6429,19954,TRUE,Merged,,
symfony_symfony.csv,vmonjaret,28538,TRUE,Merged,,
symfony_symfony.csv,voodoo-dn,27809,FALSE,Merged,,
symfony_symfony.csv,votemike,18825,TRUE,Merged,,
symfony_symfony.csv,wakqasahmed,19690,TRUE,Closed,,
symfony_symfony.csv,webmastard,25495,TRUE,Closed,,
symfony_symfony.csv,webmozart,27516,TRUE,Merged,,
symfony_symfony.csv,wesleylancel,19585,FALSE,Merged,,
symfony_symfony.csv,XWB,27545,FALSE,Merged,,
symfony_symfony.csv,yassine-ah,28487,TRUE,Merged,,
symfony_symfony.csv,yvh,27958,TRUE,Merged,,
symfony_symfony.csv,zanbaldwin,26090,FALSE,Merged,,
symfony_symfony.csv,zdenekdrahos,19081,TRUE,Merged,,
symfony_symfony.csv,zzenmate,26499,TRUE,Merged,,
Wikia_app.csv,bulaszenko,14170,FALSE,Merged,,
Wikia_app.csv,Joeytje50,837,FALSE,Merged,,
Wikia_app.csv,KrystianMistrzak,14327,FALSE,Merged,,
Wikia_app.csv,mleczey,10981,FALSE,Merged,,
Wikia_app.csv,natewatson999,5860,TRUE,Closed,,
Wikia_app.csv,penguinstyles,10299,TRUE,Merged,,
Wikia_app.csv,PiotrGackowski,5125,TRUE,Merged,,
Wikia_app.csv,Shavrin,14276,FALSE,Merged,,
Wikia_app.csv,tortila,14292,TRUE,Merged,,
woothemes_woocommerce.csv,andgrankin,21061,FALSE,Merged,,
woothemes_woocommerce.csv,aslamshekh,22131,TRUE,Merged,,
woothemes_woocommerce.csv,bekarice,20456,TRUE,Merged,,
woothemes_woocommerce.csv,belcherj,21838,FALSE,Merged,,
woothemes_woocommerce.csv,bsessions85,20309,FALSE,Merged,,
woothemes_woocommerce.csv,Chunkford,21001,TRUE,Merged,,
woothemes_woocommerce.csv,corsonr,20270,TRUE,Merged,,
woothemes_woocommerce.csv,Dedi-Data,21207,TRUE,Merged,,
woothemes_woocommerce.csv,EmranAhmed,20853,TRUE,Merged,,
woothemes_woocommerce.csv,FabriSancho,20143,FALSE,Closed,,
woothemes_woocommerce.csv,grola,20180,FALSE,Merged,,
woothemes_woocommerce.csv,james-allan,20187,FALSE,Merged,,
woothemes_woocommerce.csv,JeroenSormani,21480,FALSE,Closed,,
woothemes_woocommerce.csv,JoryHogeveen,21565,FALSE,Merged,,
woothemes_woocommerce.csv,kanishkdudeja,20901,FALSE,Merged,,
woothemes_woocommerce.csv,keefyhub,21633,TRUE,Merged,,
woothemes_woocommerce.csv,kovshenin,22813,FALSE,Closed,,
woothemes_woocommerce.csv,kukac7,21494,FALSE,Merged,,
woothemes_woocommerce.csv,leewillis77,21763,TRUE,Merged,,
woothemes_woocommerce.csv,nicomollet,21053,FALSE,Merged,,
woothemes_woocommerce.csv,nikhilbarar,20983,FALSE,Closed,,
woothemes_woocommerce.csv,noelmcg,22566,FALSE,Merged,,
woothemes_woocommerce.csv,prasidhda,20479,TRUE,Merged,,
woothemes_woocommerce.csv,ryelle,22631,FALSE,Merged,,
woothemes_woocommerce.csv,sandeshjangam,22143,FALSE,Closed,,
woothemes_woocommerce.csv,siananda,21623,FALSE,Closed,,
woothemes_woocommerce.csv,stromhalm,20913,FALSE,Merged,,
woothemes_woocommerce.csv,Tatamize,22741,FALSE,Merged,,
woothemes_woocommerce.csv,tiagonoronha,21969,TRUE,Merged,,
woothemes_woocommerce.csv,tivnet,22615,FALSE,Merged,,
woothemes_woocommerce.csv,Tofandel,22684,TRUE,Merged,,
woothemes_woocommerce.csv,unfulvio,20401,FALSE,Merged,,
woothemes_woocommerce.csv,v18,21949,FALSE,Merged,,
woothemes_woocommerce.csv,vishalkakadiya,20617,FALSE,Merged,,
woothemes_woocommerce.csv,Zebedeu,21427,TRUE,Closed,,
YetiForceCompany_YetiForceCRM.csv,centoasa,6098,FALSE,Merged,,
YetiForceCompany_YetiForceCRM.csv,gerripeach,8415,FALSE,Merged,,
YetiForceCompany_YetiForceCRM.csv,merszel,6582,FALSE,Merged,,
