Repository,Pull state,Pull number,sha,Filename,File status,Additions,Deletions,Users,DateCreated,DateUpdated,dateClosed,dateMerged,,
CS340Group/hit,closed,177,b08fa8eed1e57e7ef3de4a30f6e3a0eee4b43f44,test-src/model/reports/StatisticsReportTest.java,modified,79,0,NULL,2012-12-03 19:02:09,2012-12-03 19:02:09,2012-12-03 19:04:18,2012-12-03 19:04:18,,
CS340Group/hit,closed,174,d222374c39c2fd27a5774df146bd18e6aa89997b,test-src/model/reports/StatisticsReportTest.java,modified,525,193,splodingsocks,2012-12-03 11:34:19,2012-12-03 11:34:19,2012-12-03 11:42:34,2012-12-03 11:42:34,,
CS340Group/hit,closed,171,1f4b8f5b070dcafb9458a6f4ad08ae0cc2c1f5d2,test-src/common/TestEnvironment.java,modified,4,1,nickethier,2012-12-03 02:52:04,2012-12-03 02:52:04,2012-12-03 02:52:13,2012-12-03 02:52:13,,
CS340Group/hit,closed,171,f9ece58096ca21f3bde2234e13f9b02f1e63f98b,test-src/gui/reports/expired/ExpiredReportTest.java,removed,0,11,nickethier,2012-12-03 02:52:04,2012-12-03 02:52:04,2012-12-03 02:52:13,2012-12-03 02:52:13,,
CS340Group/hit,closed,171,4cc56f1fc42274dab7e1501ef094e03e5b295dd7,test-src/gui/reports/notices/NoticesReportTest.java,removed,0,11,nickethier,2012-12-03 02:52:04,2012-12-03 02:52:04,2012-12-03 02:52:13,2012-12-03 02:52:13,,
CS340Group/hit,closed,171,62fa0728d85f97b770b7fda1775db8a2f15b6b42,test-src/gui/reports/productstats/ProductStatsReportTest.java,removed,0,61,nickethier,2012-12-03 02:52:04,2012-12-03 02:52:04,2012-12-03 02:52:13,2012-12-03 02:52:13,,
CS340Group/hit,closed,171,e6e95b99d11ad9533c723eed91dad9520ecbaacb,test-src/gui/reports/supply/SupplyReportTest.java,removed,0,11,nickethier,2012-12-03 02:52:04,2012-12-03 02:52:04,2012-12-03 02:52:13,2012-12-03 02:52:13,,
CS340Group/hit,closed,171,bbe78e9d621477750ed6f53a4425ce19efaeafce,test-src/model/common/StatsTest.java,added,92,0,nickethier,2012-12-03 02:52:04,2012-12-03 02:52:04,2012-12-03 02:52:13,2012-12-03 02:52:13,,
CS340Group/hit,closed,171,2b3d4eb2ee01d81a28a9cb5531cb910b6851dfaf,test-src/model/reports/StatisticsReportTest.java,added,218,0,nickethier,2012-12-03 02:52:04,2012-12-03 02:52:04,2012-12-03 02:52:13,2012-12-03 02:52:13,,
CS340Group/hit,closed,171,fbc7e7c8657a3f71ebca13ad5bd67985095398f7,test-src/model/reports/TestPrintObject.java,renamed,12,7,nickethier,2012-12-03 02:52:04,2012-12-03 02:52:04,2012-12-03 02:52:13,2012-12-03 02:52:13,,
CS340Group/hit,closed,170,e69de29bb2d1d6434b8b29ae775ad8c2e48c5391,out/test/hit/.gitkeep,added,0,0,nickethier,2012-12-02 05:32:11,2012-12-02 05:32:11,2012-12-02 05:33:28,2012-12-02 05:33:28,,
CS340Group/hit,closed,169,fb120a748138d5b73e638db041b8514840229f22,test-src/model/productidentifier/ProductIdentifierSearchUPCDotComTest.java,added,28,0,splodingsocks,2012-12-01 06:08:36,2012-12-01 06:08:36,2012-12-01 06:25:09,2012-12-01 06:25:09,,
CS340Group/hit,closed,162,261ad965626568ff01f9f4bc7bae3f53f01a4f4f,test-src/model/storage/SQLDAOs/ItemDAOTest.java,modified,0,3,splodingsocks,2012-11-29 06:40:47,2012-11-29 06:40:47,2012-11-29 06:41:57,2012-11-29 06:41:57,,
CS340Group/hit,closed,161,64f4dfe7c8f39f2367ceeaec1b2589aeeac94d97,test-src/model/productcontainer/StorageUnitTest.java,modified,4,1,splodingsocks,2012-11-29 06:20:02,2012-11-29 06:20:02,2012-11-29 06:21:28,2012-11-29 06:21:28,,
CS340Group/hit,closed,161,ad1f01f0c4006f174145b302e727023a28d27ee2,test-src/model/reports/HTMLReportBuilderTest.java,modified,8,8,splodingsocks,2012-11-29 06:20:02,2012-11-29 06:20:02,2012-11-29 06:21:28,2012-11-29 06:21:28,,
CS340Group/hit,closed,161,f9348e68f5b427b181e21a52df315db8f34d640b,test-src/model/reports/PDFReportBuilderTest.java,modified,8,8,splodingsocks,2012-11-29 06:20:02,2012-11-29 06:20:02,2012-11-29 06:21:28,2012-11-29 06:21:28,,
CS340Group/hit,closed,161,ee4fd1721dc42fea5836051a3d6f03e6ad4d5ea9,test-src/model/storage/SQLDAOs/ItemDAOTest.java,modified,49,3,splodingsocks,2012-11-29 06:20:02,2012-11-29 06:20:02,2012-11-29 06:21:28,2012-11-29 06:21:28,,
CS340Group/hit,closed,160,c3a0227cced49399c24e669c0f32e3bfe1e1c4b7,test-src/model/item/ItemTest.java,modified,3,2,splodingsocks,2012-11-29 05:28:58,2012-11-29 05:28:58,2012-11-29 05:29:02,2012-11-29 05:29:02,,
CS340Group/hit,closed,160,1c33239239c41a6745efda9be037bfdd31dbb3b5,test-src/model/product/ProductTest.java,modified,3,0,splodingsocks,2012-11-29 05:28:58,2012-11-29 05:28:58,2012-11-29 05:29:02,2012-11-29 05:29:02,,
CS340Group/hit,closed,159,e077b927b4f01de4ae9d4b3d9a7fd65b578c4d7b,test-src/model/item/ItemTest.java,modified,4,0,brendonbeebe,2012-11-29 05:18:38,2012-11-29 05:18:38,2012-11-29 05:19:12,2012-11-29 05:19:12,,
CS340Group/hit,closed,159,8b8bd9ed787e530d5ed5aea8790bb661d227a69f,test-src/model/product/ProductTest.java,modified,2,0,brendonbeebe,2012-11-29 05:18:38,2012-11-29 05:18:38,2012-11-29 05:19:12,2012-11-29 05:19:12,,
CS340Group/hit,closed,159,894308934ed48fccf100c5fe873ec924020b6a73,test-src/model/productcontainer/StorageUnitTest.java,modified,6,1,brendonbeebe,2012-11-29 05:18:38,2012-11-29 05:18:38,2012-11-29 05:19:12,2012-11-29 05:19:12,,
CS340Group/hit,closed,153,7a1b83c30fdbeea2b232b44a02e4860f1c8ae056,test-src/model/storage/SQLDAOs/ItemDAOTest.java,added,24,0,brendonbeebe,2012-11-28 05:34:59,2012-11-28 05:34:59,2012-11-28 05:38:00,2012-11-28 05:38:00,,
CS340Group/hit,closed,145,8328cddf02a1e6cd4e03b68f1a31824a0cf9eed1,test-src/model/common/SerializableTest.java,modified,14,0,nickethier,2012-11-09 05:08:02,2012-11-09 05:08:02,2012-11-09 05:09:23,2012-11-09 05:09:23,,
CS340Group/hit,closed,145,4df6a85e76d6569b9d2b8770a4f1d7e173cc36a8,test-src/model/productcontainer/ProductGroupTest.java,modified,3,1,nickethier,2012-11-09 05:08:02,2012-11-09 05:08:02,2012-11-09 05:09:23,2012-11-09 05:09:23,,
CS340Group/hit,closed,145,40836ef442ed01cd7bb27054f46a8a0bd9895aac,test-src/model/productcontainer/StorageUnitTest.java,modified,7,0,nickethier,2012-11-09 05:08:02,2012-11-09 05:08:02,2012-11-09 05:09:23,2012-11-09 05:09:23,,
CS340Group/hit,closed,145,46389b3072a1b1bc7987e185e8cf468585c8eff4,test-src/model/reports/NSupplyReportTest.java,modified,10,5,nickethier,2012-11-09 05:08:02,2012-11-09 05:08:02,2012-11-09 05:09:23,2012-11-09 05:09:23,,
CS340Group/hit,closed,145,6574e671869527b028f67603da15dc299f19dd6a,test-src/model/reports/NoticesReportTest.java,modified,14,5,nickethier,2012-11-09 05:08:02,2012-11-09 05:08:02,2012-11-09 05:09:23,2012-11-09 05:09:23,,
CS340Group/hit,closed,145,f1b7d0c27568daaf1674af303c371c3d6427a5e5,test-src/model/reports/RemovedReportTest.java,modified,5,0,nickethier,2012-11-09 05:08:02,2012-11-09 05:08:02,2012-11-09 05:09:23,2012-11-09 05:09:23,,
CS340Group/hit,closed,141,238ee5b1f69eb8519751ccc6d5d3198b0c410a89,test-src/model/reports/HTMLReportBuilderTest.java,modified,0,5,nickethier,2012-11-08 07:05:15,2012-11-08 07:05:15,2012-11-08 07:07:05,2012-11-08 07:07:05,,
CS340Group/hit,closed,139,bfa27b7ff1f283b5574858572fe525a21a65df22,test-src/model/reports/HTMLReportBuilderTest.java,added,95,0,splodingsocks,2012-11-08 06:59:13,2012-11-08 06:59:13,2012-11-08 06:59:22,2012-11-08 06:59:22,,
CS340Group/hit,closed,138,9d08ffd7769f2eac0906a4d22d0e4ada8081ce9c,test-src/model/reports/NSupplyReportTest.java,modified,9,1,splodingsocks,2012-11-08 05:29:51,2012-11-08 05:29:51,2012-11-08 05:30:51,2012-11-08 05:30:51,,
CS340Group/hit,closed,138,d39b28323689d6f04320047d98f8a2e294794b4a,test-src/model/reports/NoticesReportTest.java,modified,16,1,splodingsocks,2012-11-08 05:29:51,2012-11-08 05:29:51,2012-11-08 05:30:51,2012-11-08 05:30:51,,
CS340Group/hit,closed,138,6c4a0109ea3ac863be5906c1ef35e03b98cefb10,test-src/model/reports/PDFReportBuilderTest.java,modified,15,1,splodingsocks,2012-11-08 05:29:51,2012-11-08 05:29:51,2012-11-08 05:30:51,2012-11-08 05:30:51,,
CS340Group/hit,closed,138,cf5868b2a622769a6e7d6741b88249656e24560c,test-src/model/reports/RemovedReportTest.java,modified,15,1,splodingsocks,2012-11-08 05:29:51,2012-11-08 05:29:51,2012-11-08 05:30:51,2012-11-08 05:30:51,,
CS340Group/hit,closed,137,47d1b5407fbcab24b9ac7056336a5d597df0e9e6,test-src/model/reports/PDFReportBuilderTest.java,modified,60,33,brendonbeebe,2012-11-08 05:08:13,2012-11-08 05:08:13,2012-11-08 05:09:08,2012-11-08 05:09:08,,
CS340Group/hit,closed,136,dd85cb0e61da3a32d5cbe5c7b8d83fb0727128b9,src/model/tempmain/TestEnvironment.java,added,139,0,splodingsocks,2012-11-08 04:52:36,2012-11-08 04:52:36,2012-11-08 04:52:44,2012-11-08 04:52:44,,
CS340Group/hit,closed,135,428b12a69ae5a6c44448fb3d9e7599f83942d0d4,test-src/model/reports/PDFReportBuilderTest.java,modified,4,3,nickethier,2012-11-07 21:21:38,2012-11-07 21:21:38,2012-11-07 23:14:49,2012-11-07 23:14:49,,
CS340Group/hit,closed,134,4e054b0ac46b108dd15708ff716d0434b75fc18a,test-src/model/reports/NoticesReportTest.java,modified,24,15,splodingsocks,2012-11-07 20:08:00,2012-11-07 20:08:00,2012-11-07 20:08:04,2012-11-07 20:08:04,,
CS340Group/hit,closed,133,cdfe5d63eff71bbb2fd8a33fde2d9078ea77a99c,test-src/gui/reports/removed/RemovedReportTest.java,removed,0,11,brendonbeebe,2012-11-07 11:05:00,2012-11-07 11:05:00,2012-11-07 11:10:21,2012-11-07 11:10:21,,
CS340Group/hit,closed,133,ff5b4ca7b0e3e35d3badf24971ffb35fd92b94dc,test-src/model/item/ItemTest.java,modified,1,0,brendonbeebe,2012-11-07 11:05:00,2012-11-07 11:05:00,2012-11-07 11:10:21,2012-11-07 11:10:21,,
CS340Group/hit,closed,133,d2a89b6f39ebf8afdd2fd8741862d599dfed5acf,test-src/model/item/ItemVaultTest.java,modified,1,0,brendonbeebe,2012-11-07 11:05:00,2012-11-07 11:05:00,2012-11-07 11:10:21,2012-11-07 11:10:21,,
CS340Group/hit,closed,133,f9d920c2a0534588cb1bc5782b18767dc09d4170,test-src/model/reports/NSupplyReportTest.java,added,105,0,brendonbeebe,2012-11-07 11:05:00,2012-11-07 11:05:00,2012-11-07 11:10:21,2012-11-07 11:10:21,,
CS340Group/hit,closed,133,7fe9f27bbfd1d6d794825a7c6203771196ac0d74,test-src/model/reports/NoticesReportTest.java,added,85,0,brendonbeebe,2012-11-07 11:05:00,2012-11-07 11:05:00,2012-11-07 11:10:21,2012-11-07 11:10:21,,
CS340Group/hit,closed,133,9b2b34efd50827679d4d079fcd405a39cb6e15a2,test-src/model/reports/RemovedReportTest.java,added,85,0,brendonbeebe,2012-11-07 11:05:00,2012-11-07 11:05:00,2012-11-07 11:10:21,2012-11-07 11:10:21,,
CS340Group/hit,closed,132,4b7b0b1303266194edf40a6e386883e3a722b327,test-src/model/reports/PDFReportBuilderTest.java,modified,33,22,brendonbeebe,2012-11-07 05:45:01,2012-11-07 05:45:01,2012-11-07 05:45:08,2012-11-07 05:45:08,,
CS340Group/hit,closed,131,cadc85e32da60dd2a3385a47134040e5c8a230be,test-src/model/reports/PDFReportBuilderTest.java,added,52,0,splodingsocks,2012-11-07 01:10:52,2012-11-07 01:10:52,2012-11-07 01:11:25,2012-11-07 01:11:25,,
CS340Group/hit,closed,125,044f298ee380e2e49665553842a468fc1d0f2a7d,test-src/common/command/TransferItemCommandTest.java,modified,9,5,brendonbeebe,2012-11-06 09:44:24,2012-11-06 09:44:24,2012-11-06 09:48:44,2012-11-06 09:48:44,,
CS340Group/hit,closed,124,96994f4f0479a08d7c116ee2c8f04de226913286,test-src/common/TestEnvironment.java,modified,126,2,splodingsocks,2012-11-06 09:40:20,2012-11-06 09:40:20,2012-11-06 09:43:09,2012-11-06 09:43:09,,
CS340Group/hit,closed,124,62fa0728d85f97b770b7fda1775db8a2f15b6b42,test-src/gui/reports/productstats/ProductStatsReportTest.java,modified,3,16,splodingsocks,2012-11-06 09:40:20,2012-11-06 09:40:20,2012-11-06 09:43:09,2012-11-06 09:43:09,,
CS340Group/hit,closed,122,7c1d05fc615a775383b0d110603aae063d2f05f5,test-src/common/command/TransferItemCommandTest.java,added,118,0,brendonbeebe,2012-11-06 07:24:39,2012-11-06 07:24:39,2012-11-06 07:32:16,2012-11-06 07:32:16,,
CS340Group/hit,closed,122,cc59e4b04af015cd045632a112b7062e35dc4033,test-src/model/common/ModelFacadeTest.java,modified,11,8,brendonbeebe,2012-11-06 07:24:39,2012-11-06 07:24:39,2012-11-06 07:32:16,2012-11-06 07:32:16,,
CS340Group/hit,closed,122,610d555272716dd1fed2c3dcbbcf57cc5f140556,test-src/model/common/operator/OperatorFactoryTest.java,modified,0,1,brendonbeebe,2012-11-06 07:24:39,2012-11-06 07:24:39,2012-11-06 07:32:16,2012-11-06 07:32:16,,
CS340Group/hit,closed,122,7f5639e2b302e3c820d42191865d038523853d93,test-src/model/item/ItemVaultTest.java,modified,1,1,brendonbeebe,2012-11-06 07:24:39,2012-11-06 07:24:39,2012-11-06 07:32:16,2012-11-06 07:32:16,,
CS340Group/hit,closed,122,365f0b51f109778bdff79ee3a252223ff3d31de5,test-src/model/product/ProductTest.java,modified,2,5,brendonbeebe,2012-11-06 07:24:39,2012-11-06 07:24:39,2012-11-06 07:32:16,2012-11-06 07:32:16,,
CS340Group/hit,closed,122,d7a5e870cba5333e5e5bba1728a12aee65eb5304,test-src/model/productcontainer/StorageUnitVaultTest.java,modified,1,1,brendonbeebe,2012-11-06 07:24:39,2012-11-06 07:24:39,2012-11-06 07:32:16,2012-11-06 07:32:16,,
CS340Group/hit,closed,121,0bdee4f649750148175ea9e1105f8bd00fb47cba,test-src/common/TestEnvironment.java,added,15,0,splodingsocks,2012-11-06 07:22:47,2012-11-06 07:22:47,2012-11-06 07:22:55,2012-11-06 07:22:55,,
CS340Group/hit,closed,121,2a4ffd635664717a67c75499389e258f75befdc3,test-src/gui/reports/TestPrintObject.java,modified,14,12,splodingsocks,2012-11-06 07:22:47,2012-11-06 07:22:47,2012-11-06 07:22:55,2012-11-06 07:22:55,,
CS340Group/hit,closed,121,fc9144f795d71f001dcf77bf26f13acaae33e841,test-src/gui/reports/productstats/ProductStatsReportTest.java,modified,53,5,splodingsocks,2012-11-06 07:22:47,2012-11-06 07:22:47,2012-11-06 07:22:55,2012-11-06 07:22:55,,
CS340Group/hit,closed,121,0efe570cb74db91674ed3d796a9e121849be1c24,test-src/model/common/operator/OperatorFactoryTest.java,modified,20,2,splodingsocks,2012-11-06 07:22:47,2012-11-06 07:22:47,2012-11-06 07:22:55,2012-11-06 07:22:55,,
CS340Group/hit,closed,116,a230d0b8a2ac81fa94905e563fe521b617dd6e43,test-src/gui/reports/TestPrintObject.java,modified,9,8,splodingsocks,2012-11-06 03:09:29,2012-11-06 03:09:29,2012-11-06 03:11:08,2012-11-06 03:11:08,,
CS340Group/hit,closed,114,acff42db3edcb03f512ab0b10479c78947f1a747,test-src/gui/reports/productstats/ProductStatsReportTest.java,modified,2,2,brendonbeebe,2012-11-06 00:38:56,2012-11-06 00:38:56,2012-11-06 00:43:06,2012-11-06 00:43:06,,
CS340Group/hit,closed,112,4e5359b8110be03224739ad2d3d96c96487435d0,test-src/common/command/AddItemCommandTest.java,modified,11,10,splodingsocks,2012-11-05 21:51:54,2012-11-05 21:51:54,2012-11-05 21:52:02,2012-11-05 21:52:02,,
CS340Group/hit,closed,112,2ca22b5ee12e461bed0f3a25a4459727e8d7248f,test-src/common/command/RemoveItemCommandTest.java,modified,0,3,splodingsocks,2012-11-05 21:51:54,2012-11-05 21:51:54,2012-11-05 21:52:02,2012-11-05 21:52:02,,
CS340Group/hit,closed,112,dc585f77c324ef13cd94e78d60a1cb9afab761ca,test-src/model/item/ItemVaultTest.java,modified,7,7,splodingsocks,2012-11-05 21:51:54,2012-11-05 21:51:54,2012-11-05 21:52:02,2012-11-05 21:52:02,,
CS340Group/hit,closed,112,6642832c0afcd0a0d48db867232f0efa4dbc56cf,test-src/model/productcontainer/ProductGroupVaultTest.java,modified,5,5,splodingsocks,2012-11-05 21:51:54,2012-11-05 21:51:54,2012-11-05 21:52:02,2012-11-05 21:52:02,,
CS340Group/hit,closed,112,8fd405ba14c51166fa17004abaff91ab921d5340,test-src/model/productcontainer/StorageUnitVaultTest.java,modified,2,2,splodingsocks,2012-11-05 21:51:54,2012-11-05 21:51:54,2012-11-05 21:52:02,2012-11-05 21:52:02,,
CS340Group/hit,closed,110,aa440c46e221820002fce11074e54c4b4f620c8b,test-src/common/command/RemoveItemCommandTest.java,added,71,0,nickethier,2012-11-05 18:20:46,2012-11-05 18:20:46,2012-11-05 18:22:52,2012-11-05 18:22:52,,
CS340Group/hit,closed,110,c618db3c0acffd60a0f5afda1a69f6af54af8480,test-src/model/item/ItemTest.java,modified,6,3,nickethier,2012-11-05 18:20:46,2012-11-05 18:20:46,2012-11-05 18:22:52,2012-11-05 18:22:52,,
CS340Group/hit,closed,109,b6f3570a3d63ce1e1a3e2532efe05ca12c2773ce,test-src/common/command/AddItemCommandTest.java,modified,63,11,splodingsocks,2012-11-05 14:08:55,2012-11-05 14:08:55,2012-11-05 14:09:00,2012-11-05 14:09:00,,
CS340Group/hit,closed,106,97b83e6c40e7537652482c9fd54c09fa7c86fa39,test-src/model/common/operator/OperatorFactoryTest.java,added,76,0,brendonbeebe,2012-11-04 05:25:48,2012-11-04 05:25:48,2012-11-04 05:29:29,2012-11-04 05:29:29,,
CS340Group/hit,closed,105,76b7f57724c580851142d5baf54e961c02158d65,test-src/gui/reports/TestPrintObject.java,added,108,0,nickethier,2012-11-04 04:38:59,2012-11-04 04:38:59,2012-11-04 04:39:58,2012-11-04 04:39:58,,
CS340Group/hit,closed,105,f9ece58096ca21f3bde2234e13f9b02f1e63f98b,test-src/gui/reports/expired/ExpiredReportTest.java,added,11,0,nickethier,2012-11-04 04:38:59,2012-11-04 04:38:59,2012-11-04 04:39:58,2012-11-04 04:39:58,,
CS340Group/hit,closed,105,4cc56f1fc42274dab7e1501ef094e03e5b295dd7,test-src/gui/reports/notices/NoticesReportTest.java,added,11,0,nickethier,2012-11-04 04:38:59,2012-11-04 04:38:59,2012-11-04 04:39:58,2012-11-04 04:39:58,,
CS340Group/hit,closed,105,947beb08ac058a9e115e3e10bc45fd2434237eb5,test-src/gui/reports/productstats/ProductStatsReportTest.java,added,26,0,nickethier,2012-11-04 04:38:59,2012-11-04 04:38:59,2012-11-04 04:39:58,2012-11-04 04:39:58,,
CS340Group/hit,closed,105,cdfe5d63eff71bbb2fd8a33fde2d9078ea77a99c,test-src/gui/reports/removed/RemovedReportTest.java,added,11,0,nickethier,2012-11-04 04:38:59,2012-11-04 04:38:59,2012-11-04 04:39:58,2012-11-04 04:39:58,,
CS340Group/hit,closed,105,e6e95b99d11ad9533c723eed91dad9520ecbaacb,test-src/gui/reports/supply/SupplyReportTest.java,added,11,0,nickethier,2012-11-04 04:38:59,2012-11-04 04:38:59,2012-11-04 04:39:58,2012-11-04 04:39:58,,
CS340Group/hit,closed,104,22d1c6bf7ffe6f90c1060c42e93ffeb1b20603b1,test-src/common/command/AddItemCommandTest.java,modified,16,2,nickethier,2012-11-04 04:33:34,2012-11-04 04:33:34,2012-11-04 04:34:54,2012-11-04 04:34:54,,
CS340Group/hit,closed,104,905d1ad3cb1549f433f95d1305bd25f97d764b21,test-src/model/item/ItemTest.java,modified,5,10,nickethier,2012-11-04 04:33:34,2012-11-04 04:33:34,2012-11-04 04:34:54,2012-11-04 04:34:54,,
CS340Group/hit,closed,104,d3d38bd4297335d6aa1ce0696d27c8e8f10274fc,test-src/model/product/ProductTest.java,modified,1,1,nickethier,2012-11-04 04:33:34,2012-11-04 04:33:34,2012-11-04 04:34:54,2012-11-04 04:34:54,,
CS340Group/hit,closed,104,10f1e342c3cee7bc69993218df70e6ba6c284f9c,test-src/model/productcontainer/ProductGroupVaultTest.java,modified,1,1,nickethier,2012-11-04 04:33:34,2012-11-04 04:33:34,2012-11-04 04:34:54,2012-11-04 04:34:54,,
CS340Group/hit,closed,104,527a5170fffb0192003d7e7e5f49ac75a88a9ce6,test-src/model/productcontainer/StorageUnitVaultTest.java,modified,2,2,nickethier,2012-11-04 04:33:34,2012-11-04 04:33:34,2012-11-04 04:34:54,2012-11-04 04:34:54,,
CS340Group/hit,closed,102,ee1d98eaf516c1f6080009dc6d148b55cf024374,test-src/common/command/AddItemCommandTest.java,added,46,0,splodingsocks,2012-10-27 20:33:49,2012-10-27 20:33:49,2012-10-27 20:33:53,2012-10-27 20:33:53,,
CS340Group/hit,closed,97,c7347a74c3bbff033a8753f4f2f223c39d002c8d,test-src/model/item/ItemTest.java,modified,25,4,brendonbeebe,2012-10-24 04:35:59,2012-10-24 04:35:59,2012-10-24 04:36:31,2012-10-24 04:36:31,,
CS340Group/hit,closed,96,b0f72c97d6acdfe235930a291557265f2c7dabd0,test-src/model/common/ModelFacadeTest.java,modified,0,7,splodingsocks,2012-10-24 02:53:52,2012-10-24 02:53:52,2012-10-24 02:55:21,2012-10-24 02:55:21,,
CS340Group/hit,closed,96,3354bcd79f60a8b12d25f75c4eb1e9cbf194fc74,test-src/model/item/ItemTest.java,modified,0,1,splodingsocks,2012-10-24 02:53:52,2012-10-24 02:53:52,2012-10-24 02:55:21,2012-10-24 02:55:21,,
CS340Group/hit,closed,96,907afcd534989ade71083508aa8f5de026fa630c,test-src/model/item/ItemVaultTest.java,modified,0,4,splodingsocks,2012-10-24 02:53:52,2012-10-24 02:53:52,2012-10-24 02:55:21,2012-10-24 02:55:21,,
CS340Group/hit,closed,78,e4eb8d34895f0a4b44284eb37308f2106c92801f,test-src/model/common/ModelFacadeTest.java,modified,11,11,nickethier,2012-10-17 03:05:10,2012-10-17 03:05:10,2012-10-17 03:09:40,2012-10-17 03:09:40,,
CS340Group/hit,closed,78,21fe68f63d933635057aca941643e64347bc425f,test-src/model/item/ItemVaultTest.java,modified,4,4,nickethier,2012-10-17 03:05:10,2012-10-17 03:05:10,2012-10-17 03:09:40,2012-10-17 03:09:40,,
CS340Group/hit,closed,78,4648ecf93731c1182f8b5f96cbe683d7caa1153b,test-src/model/product/ProductTest.java,modified,5,5,nickethier,2012-10-17 03:05:10,2012-10-17 03:05:10,2012-10-17 03:09:40,2012-10-17 03:09:40,,
CS340Group/hit,closed,78,e5c7fb005d290f67935f08bfaef3edf74608c568,test-src/model/productcontainer/ProductGroupTest.java,modified,7,7,nickethier,2012-10-17 03:05:10,2012-10-17 03:05:10,2012-10-17 03:09:40,2012-10-17 03:09:40,,
CS340Group/hit,closed,78,80ace18f0dbc6d3b62ffd82ec53a21e64daf4974,test-src/model/productcontainer/ProductGroupVaultTest.java,modified,2,2,nickethier,2012-10-17 03:05:10,2012-10-17 03:05:10,2012-10-17 03:09:40,2012-10-17 03:09:40,,
CS340Group/hit,closed,73,6ce2a27934361342f98e23c0319e618e65e25da1,test-src/model/common/ModelFacadeTest.java,renamed,5,5,splodingsocks,2012-10-14 03:49:17,2012-10-14 03:49:17,2012-10-14 03:54:04,2012-10-14 03:54:04,,
CS340Group/hit,closed,64,6f944a7ac86463b6214f8455d8ba1d57889bcd25,test-src/model/common/BaseModelTest.java,modified,2,2,NULL,2012-10-13 01:31:29,2012-10-13 01:31:29,2012-10-13 01:33:17,2012-10-13 01:33:17,,
CS340Group/hit,closed,61,638bad40ef957a1dc62000726a99e9701c1519c2,test-src/model/common/BaseModelTest.java,modified,7,7,brendonbeebe,2012-10-12 07:28:16,2012-10-12 07:28:16,2012-10-12 07:28:23,2012-10-12 07:28:23,,
CS340Group/hit,closed,59,46193708c32e555202c53e3b15f081f88389217b,test-src/model/productcontainer/StorageUnitTest.java,modified,1,2,splodingsocks,2012-10-12 05:20:23,2012-10-12 05:20:23,2012-10-12 05:36:42,2012-10-12 05:36:42,,
CS340Group/hit,closed,51,3d741c231b3bd5fcbf68a5ce76b6ab9387cc79ad,test-src/model/common/SerializableTest.java,modified,2,2,nickethier,2012-10-03 19:39:09,2012-10-03 19:39:09,2012-10-03 19:40:49,2012-10-03 19:40:49,,
CS340Group/hit,closed,51,73cdcc90503c3d8a36bb4e80cc7440f8c1afdc42,test-src/model/productcontainer/ProductGroupTest.java,modified,4,2,nickethier,2012-10-03 19:39:09,2012-10-03 19:39:09,2012-10-03 19:40:49,2012-10-03 19:40:49,,
CS340Group/hit,closed,51,dc0ccc17abba3d7182f521fe89783bbac9595435,test-src/model/productcontainer/ProductGroupVaultTest.java,modified,12,5,nickethier,2012-10-03 19:39:09,2012-10-03 19:39:09,2012-10-03 19:40:49,2012-10-03 19:40:49,,
CS340Group/hit,closed,51,93f5a89fedfb70fc058b1a540b0febd6fb3baca6,test-src/model/productcontainer/StorageUnitVaultTest.java,modified,14,0,nickethier,2012-10-03 19:39:09,2012-10-03 19:39:09,2012-10-03 19:40:49,2012-10-03 19:40:49,,
CS340Group/hit,closed,46,927affe48f60d81c2285ea6e767bb85df89dd645,test-src/model/common/BaseModelTest.java,modified,193,3,splodingsocks,2012-09-26 05:40:03,2012-09-26 05:40:03,2012-09-26 05:45:50,2012-09-26 05:45:50,,
CS340Group/hit,closed,45,f6c890d59ef6b71ac59d9b0d2a2d9f85644b2fe0,test-src/model/item/ItemTest.java,modified,2,2,nickethier,2012-09-26 05:35:10,2012-09-26 05:35:10,2012-09-26 05:35:15,2012-09-26 05:35:15,,
CS340Group/hit,closed,45,2afc67e05199335c0599d306f74012da5fc35116,test-src/model/product/ProductTest.java,modified,14,10,nickethier,2012-09-26 05:35:10,2012-09-26 05:35:10,2012-09-26 05:35:15,2012-09-26 05:35:15,,
CS340Group/hit,closed,45,682f959e7b6d3de551f2a21aa93d1af03a2a4214,test-src/model/productcontainer/ProductGroupTest.java,modified,1,1,nickethier,2012-09-26 05:35:10,2012-09-26 05:35:10,2012-09-26 05:35:15,2012-09-26 05:35:15,,
CS340Group/hit,closed,45,87d0f0d2fb076bd3add57ba4efd723c8603e5de1,test-src/model/productcontainer/ProductGroupVaultTest.java,modified,9,10,nickethier,2012-09-26 05:35:10,2012-09-26 05:35:10,2012-09-26 05:35:15,2012-09-26 05:35:15,,
CS340Group/hit,closed,40,9bb0c37da251ee509d384879f449643729e066d9,test-src/model/common/BaseModelTest.java,added,49,0,brendonbeebe,2012-09-26 04:48:12,2012-09-26 04:48:12,2012-09-26 04:48:35,2012-09-26 04:48:35,,
CS340Group/hit,closed,38,c5ed6b941726a7575e1f5ed35204dc8eeb4a26da,test-src/model/common/SerializableTest.java,modified,10,19,splodingsocks,2012-09-26 04:11:39,2012-09-26 04:11:39,2012-09-26 04:44:08,2012-09-26 04:44:08,,
CS340Group/hit,closed,36,fa9e5c95aeb93bcf581586c02203082ef8a64559,test-src/model/productcontainer/StorageUnitTest.java,modified,5,0,splodingsocks,2012-09-26 03:30:11,2012-09-26 03:30:11,2012-09-26 03:30:17,2012-09-26 03:30:17,,
CS340Group/hit,closed,35,17e47e5a4dd8aba9ec1e3d0c49e31740f4e506cf,test-src/model/common/SerializableTest.java,added,58,0,nickethier,2012-09-26 03:27:56,2012-09-26 03:27:56,2012-09-26 03:28:20,2012-09-26 03:28:20,,
CS340Group/hit,closed,35,38fc13b7dbabbdef23892d66029c5ddaae1fbcc5,test-src/model/product/ProductVaultTest.java,added,123,0,nickethier,2012-09-26 03:27:56,2012-09-26 03:27:56,2012-09-26 03:28:20,2012-09-26 03:28:20,,
CS340Group/hit,closed,34,86ac2b422152edd759f5dd8ff9055daea4ed5f17,test-src/model/product/ProductTest.java,modified,1,0,brendonbeebe,2012-09-26 03:15:49,2012-09-26 03:15:49,2012-09-26 03:16:05,2012-09-26 03:16:05,,
CS340Group/hit,closed,32,30ac5e28113f7d557ccec3341dec7ab8ecfe1e5b,test-src/model/item/ItemVaultTest.java,modified,3,4,brendonbeebe,2012-09-26 02:27:42,2012-09-26 02:27:42,2012-09-26 02:49:29,2012-09-26 02:49:29,,
CS340Group/hit,closed,32,6547bb43179d3c600a189af23932a9c53b4efeb6,test-src/model/product/ProductTest.java,modified,6,6,brendonbeebe,2012-09-26 02:27:42,2012-09-26 02:27:42,2012-09-26 02:49:29,2012-09-26 02:49:29,,
CS340Group/hit,closed,32,9859fe79acd8803944c4ede3c850ff0b281810b1,test-src/model/productcontainer/ProductGroupTest.java,modified,0,1,brendonbeebe,2012-09-26 02:27:42,2012-09-26 02:27:42,2012-09-26 02:49:29,2012-09-26 02:49:29,,
CS340Group/hit,closed,32,a11cd75f14d9c8b4d24569928ae7709306dfd8d5,test-src/model/productcontainer/ProductGroupVaultTest.java,modified,0,1,brendonbeebe,2012-09-26 02:27:42,2012-09-26 02:27:42,2012-09-26 02:49:29,2012-09-26 02:49:29,,
CS340Group/hit,closed,32,79476989c50ad3eb63390b9e8b513d183787fca4,test-src/model/productcontainer/StorageUnitVaultTest.java,modified,11,0,brendonbeebe,2012-09-26 02:27:42,2012-09-26 02:27:42,2012-09-26 02:49:29,2012-09-26 02:49:29,,
CS340Group/hit,closed,28,33284c87f076b1f42499fac4724016b03e788f08,test-src/model/item/ItemVaultTest.java,modified,3,3,splodingsocks,2012-09-25 15:41:01,2012-09-25 15:41:01,2012-09-25 23:09:50,2012-09-25 23:09:50,,
CS340Group/hit,closed,28,bab015a4220536d90d1ae979fe5e7008ed7c0bd3,test-src/model/product/ProductTest.java,modified,33,5,splodingsocks,2012-09-25 15:41:01,2012-09-25 15:41:01,2012-09-25 23:09:50,2012-09-25 23:09:50,,
CS340Group/hit,closed,28,274e98deae0e41142408cbea677e48d103feafc8,test-src/model/productcontainer/ProductGroupTest.java,modified,15,4,splodingsocks,2012-09-25 15:41:01,2012-09-25 15:41:01,2012-09-25 23:09:50,2012-09-25 23:09:50,,
CS340Group/hit,closed,28,a93913f6969714b91cd42bc7e53a3976dce1cb2b,test-src/model/productcontainer/ProductGroupVaultTest.java,modified,3,3,splodingsocks,2012-09-25 15:41:01,2012-09-25 15:41:01,2012-09-25 23:09:50,2012-09-25 23:09:50,,
CS340Group/hit,closed,27,fb59a5977510655c6db54dcbfda421367e08d974,test-src/model/item/ItemTest.java,modified,1,1,splodingsocks,2012-09-25 14:20:03,2012-09-25 14:20:03,2012-09-25 15:14:29,2012-09-25 15:14:29,,
CS340Group/hit,closed,27,1d9aebfab31725e1b14e98bfd27dd0b0f87f6bfa,test-src/model/item/ItemVaultTest.java,modified,17,17,splodingsocks,2012-09-25 14:20:03,2012-09-25 14:20:03,2012-09-25 15:14:29,2012-09-25 15:14:29,,
CS340Group/hit,closed,27,c0c49aaadffd528cf5574febf7c2345dd6bff5e7,test-src/model/product/ProductTest.java,modified,10,2,splodingsocks,2012-09-25 14:20:03,2012-09-25 14:20:03,2012-09-25 15:14:29,2012-09-25 15:14:29,,
CS340Group/hit,closed,27,53d994879e7b9cbe959a9858d68cad407910bd27,test-src/model/productcontainer/ProductGroupTest.java,modified,6,6,splodingsocks,2012-09-25 14:20:03,2012-09-25 14:20:03,2012-09-25 15:14:29,2012-09-25 15:14:29,,
CS340Group/hit,closed,27,608cf89062d2abc5fe99208cb29eabfb7e264efd,test-src/model/productcontainer/ProductGroupVaultTest.java,modified,11,11,splodingsocks,2012-09-25 14:20:03,2012-09-25 14:20:03,2012-09-25 15:14:29,2012-09-25 15:14:29,,
CS340Group/hit,closed,27,4f17405693915d5495bc4c3b817c57669001d603,test-src/model/productcontainer/StorageUnitTest.java,modified,7,3,splodingsocks,2012-09-25 14:20:03,2012-09-25 14:20:03,2012-09-25 15:14:29,2012-09-25 15:14:29,,
CS340Group/hit,closed,27,79dac3c9ebc37ec9e0a830ef1da1d39b340d4318,test-src/model/productcontainer/StorageUnitVaultTest.java,modified,7,7,splodingsocks,2012-09-25 14:20:03,2012-09-25 14:20:03,2012-09-25 15:14:29,2012-09-25 15:14:29,,
CS340Group/hit,closed,26,82a389178d5fe766378b6039f00495ddd934f56d,test-src/model/common/BarcodeTest.java,modified,34,14,splodingsocks,2012-09-25 05:43:25,2012-09-25 05:43:25,2012-09-25 05:43:33,2012-09-25 05:43:33,,
CS340Group/hit,closed,25,618d53553c0c48484f9bde52eafab45362600b1c,test-src/model/item/ItemTest.java,modified,1,1,splodingsocks,2012-09-25 04:13:58,2012-09-25 04:13:58,2012-09-25 04:17:20,2012-09-25 04:17:20,,
CS340Group/hit,closed,25,72f31139753aeed4ccddc19b2677d0c52cb032e2,test-src/model/product/ProductTest.java,modified,2,2,splodingsocks,2012-09-25 04:13:58,2012-09-25 04:13:58,2012-09-25 04:17:20,2012-09-25 04:17:20,,
CS340Group/hit,closed,24,790ec91877ee040aaab19be66fb89ad38108bc62,test-src/common/util/QueryParserTest.java.orig,removed,0,37,splodingsocks,2012-09-25 04:01:22,2012-09-25 04:01:22,2012-09-25 04:03:55,2012-09-25 04:03:55,,
CS340Group/hit,closed,24,e2f42c1c957b943992afa26570bf7c298b2b1f86,test-src/model/item/ItemTest.java.orig,removed,0,114,splodingsocks,2012-09-25 04:01:22,2012-09-25 04:01:22,2012-09-25 04:03:55,2012-09-25 04:03:55,,
CS340Group/hit,closed,24,b94d2fd4e26f50f5922e6e9b765668edcafb30a9,test-src/model/product/ProductTest.java.orig,removed,0,135,splodingsocks,2012-09-25 04:01:22,2012-09-25 04:01:22,2012-09-25 04:03:55,2012-09-25 04:03:55,,
CS340Group/hit,closed,17,790ec91877ee040aaab19be66fb89ad38108bc62,test-src/common/util/QueryParserTest.java.orig,renamed,0,0,splodingsocks,2012-09-24 18:00:31,2012-09-24 18:00:31,2012-09-25 02:10:22,2012-09-25 02:10:22,,
CS340Group/hit,closed,17,29b0ce3c648971616d5da354c202bb25c9d9c46a,test-src/model/item/ItemTest.java,modified,5,5,splodingsocks,2012-09-24 18:00:31,2012-09-24 18:00:31,2012-09-25 02:10:22,2012-09-25 02:10:22,,
CS340Group/hit,closed,17,e2f42c1c957b943992afa26570bf7c298b2b1f86,test-src/model/item/ItemTest.java.orig,added,114,0,splodingsocks,2012-09-24 18:00:31,2012-09-24 18:00:31,2012-09-25 02:10:22,2012-09-25 02:10:22,,
CS340Group/hit,closed,17,f898b2683efc27fc2d08218bde03ec973f2fb370,test-src/model/product/ProductTest.java,modified,6,6,splodingsocks,2012-09-24 18:00:31,2012-09-24 18:00:31,2012-09-25 02:10:22,2012-09-25 02:10:22,,
CS340Group/hit,closed,17,b94d2fd4e26f50f5922e6e9b765668edcafb30a9,test-src/model/product/ProductTest.java.orig,added,135,0,splodingsocks,2012-09-24 18:00:31,2012-09-24 18:00:31,2012-09-25 02:10:22,2012-09-25 02:10:22,,
CS340Group/hit,closed,15,790ec91877ee040aaab19be66fb89ad38108bc62,test-src/common/util/QueryParserTest.java,modified,2,2,brendonbeebe,2012-09-24 01:05:51,2012-09-24 01:05:51,2012-09-24 16:06:41,2012-09-24 16:06:40,,
CS340Group/hit,closed,15,897d94fb15c3e7f09e564aa2834aac612b7542e2,test-src/model/item/ItemTest.java,modified,11,4,brendonbeebe,2012-09-24 01:05:51,2012-09-24 01:05:51,2012-09-24 16:06:41,2012-09-24 16:06:40,,
CS340Group/hit,closed,15,a1c393168caecafea5e0f336a1ca2dfa33766f72,test-src/model/item/ItemVaultTest.java,added,139,0,brendonbeebe,2012-09-24 01:05:51,2012-09-24 01:05:51,2012-09-24 16:06:41,2012-09-24 16:06:40,,
CS340Group/hit,closed,15,3997c2855a91a76b40966b8e34d2f44a86a66c81,test-src/model/product/ProductTest.java,modified,24,8,brendonbeebe,2012-09-24 01:05:51,2012-09-24 01:05:51,2012-09-24 16:06:41,2012-09-24 16:06:40,,
CS340Group/hit,closed,15,b0eef7527ce1a5263a2b5ffcc5e685c4f5fe73e2,test-src/model/productcontainer/ProductContainerTest.java,modified,3,2,brendonbeebe,2012-09-24 01:05:51,2012-09-24 01:05:51,2012-09-24 16:06:41,2012-09-24 16:06:40,,
CS340Group/hit,closed,15,216e9a27f19a580eff417be4a748f1b9cc601ff3,test-src/model/productcontainer/ProductGroupTest.java,added,101,0,brendonbeebe,2012-09-24 01:05:51,2012-09-24 01:05:51,2012-09-24 16:06:41,2012-09-24 16:06:40,,
CS340Group/hit,closed,15,190e9c86f58e61296cace89c9b2d337f32e1c79a,test-src/model/productcontainer/ProductGroupVaultTest.java,added,70,0,brendonbeebe,2012-09-24 01:05:51,2012-09-24 01:05:51,2012-09-24 16:06:41,2012-09-24 16:06:40,,
CS340Group/hit,closed,15,20b19a687769574bbf03eb4798747b7e8c349e59,test-src/model/productcontainer/StorageUnitTest.java,added,69,0,brendonbeebe,2012-09-24 01:05:51,2012-09-24 01:05:51,2012-09-24 16:06:41,2012-09-24 16:06:40,,
CS340Group/hit,closed,15,47d267023955202203137fad8a35af628f101f63,test-src/model/productcontainer/StorageUnitVaultTest.java,added,55,0,brendonbeebe,2012-09-24 01:05:51,2012-09-24 01:05:51,2012-09-24 16:06:41,2012-09-24 16:06:40,,
CS340Group/hit,closed,13,c838a8087571d5784a512a06f07bdc0d6af3f22e,test-src/model/common/BarcodeTest.java,added,33,0,brendonbeebe,2012-09-23 03:56:52,2012-09-23 03:56:52,2012-09-23 04:02:21,2012-09-23 04:02:21,,
CS340Group/hit,closed,13,879fae9f6a39f4af683e9247a1870128df1803fa,test-src/model/item/ItemTest.java,modified,1,1,brendonbeebe,2012-09-23 03:56:52,2012-09-23 03:56:52,2012-09-23 04:02:21,2012-09-23 04:02:21,,
CS340Group/hit,closed,13,cd45fa9a983f7c33614ca201583657eeb2ad21fa,test-src/model/product/ProductTest.java,modified,1,1,brendonbeebe,2012-09-23 03:56:52,2012-09-23 03:56:52,2012-09-23 04:02:21,2012-09-23 04:02:21,,
CS340Group/hit,closed,13,0aead17ca84fd758beb950a96a612442e7f4addf,test-src/model/productcontainer/ProductContainerTest.java,modified,1,1,brendonbeebe,2012-09-23 03:56:52,2012-09-23 03:56:52,2012-09-23 04:02:21,2012-09-23 04:02:21,,
CS340Group/hit,closed,12,0d24e3832a955d549e0b948abb4258c1e64b1bd4,test-src/model/item/ItemTest.java,modified,1,0,splodingsocks,2012-09-22 21:16:48,2012-09-22 21:16:48,2012-09-22 21:18:23,2012-09-22 21:18:23,,
CS340Group/hit,closed,12,7e282ea0ab3a17fa97f65d969c88aa0db4c335bd,test-src/model/product/ProductTest.java,added,58,0,splodingsocks,2012-09-22 21:16:48,2012-09-22 21:16:48,2012-09-22 21:18:23,2012-09-22 21:18:23,,
CS340Group/hit,closed,11,8763001bb621ace8d55f529f8c3988a648a8259c,test-src/model/item/ItemTest.java,modified,20,4,nickethier,2012-09-22 20:35:29,2012-09-22 20:35:29,2012-09-22 20:35:40,2012-09-22 20:35:40,,
CS340Group/hit,closed,10,6e193ead29ce8cf6632ebe306c61cb125e1e5a51,test-src/model/item/ItemTest.java,added,35,0,nickethier,2012-09-22 19:47:50,2012-09-22 19:47:50,2012-09-22 19:52:17,2012-09-22 19:52:17,,
CS340Group/hit,closed,9,3bb92559fc72c3707c0b1470eb3d7145c184f1aa,test-src/model/productcontainer/ProductContainerTest.java,added,50,0,nickethier,2012-09-22 18:49:35,2012-09-22 18:49:35,2012-09-22 18:51:17,2012-09-22 18:51:17,,
CS340Group/hit,closed,8,625cb9bd55c5ef9e814604e14e405f81023abd7c,src/QueryParserTest.java,removed,0,29,splodingsocks,2012-09-22 18:08:26,2012-09-22 18:08:26,2012-09-22 18:08:34,2012-09-22 18:08:34,,
CS340Group/hit,closed,8,2019a155b8d7496cafbcdcf3f932324e06afb61e,src/common/util/QueryParserTest.java,removed,0,35,splodingsocks,2012-09-22 18:08:26,2012-09-22 18:08:26,2012-09-22 18:08:34,2012-09-22 18:08:34,,
CS340Group/hit,closed,8,d523ee69f4ea86f7bee7e2448ff44dc626592629,test-src/common/util/QueryParserTest.java,added,37,0,splodingsocks,2012-09-22 18:08:26,2012-09-22 18:08:26,2012-09-22 18:08:34,2012-09-22 18:08:34,,
CS340Group/hit,closed,5,625cb9bd55c5ef9e814604e14e405f81023abd7c,src/QueryParserTest.java,added,29,0,nickethier,2012-09-22 08:46:44,2012-09-22 08:46:44,2012-09-22 17:22:10,NA,,
CS340Group/hit,closed,5,2019a155b8d7496cafbcdcf3f932324e06afb61e,src/common/util/QueryParserTest.java,added,35,0,nickethier,2012-09-22 08:46:44,2012-09-22 08:46:44,2012-09-22 17:22:10,NA,,
CS340Group/hit,closed,4,625cb9bd55c5ef9e814604e14e405f81023abd7c,src/QueryParserTest.java,added,29,0,brendonbeebe,2012-09-22 08:40:23,2012-09-22 08:40:23,2012-09-22 08:46:25,NA,,
CS340Group/hit,closed,3,625cb9bd55c5ef9e814604e14e405f81023abd7c,src/QueryParserTest.java,added,29,0,brendonbeebe,2012-09-22 08:34:40,2012-09-22 08:34:40,2012-09-22 08:40:09,NA,,
CS340Group/hit,closed,1,625cb9bd55c5ef9e814604e14e405f81023abd7c,src/QueryParserTest.java,added,29,0,nickethier,2012-09-21 22:21:56,2012-09-21 22:21:56,2012-09-21 22:22:15,2012-09-21 22:22:15,,
CS340Group/hit,closed,1,2019a155b8d7496cafbcdcf3f932324e06afb61e,src/common/util/QueryParserTest.java,added,35,0,nickethier,2012-09-21 22:21:56,2012-09-21 22:21:56,2012-09-21 22:22:15,2012-09-21 22:22:15,,
