Repository,User,Pull number,Test,Situation,,
D-Programming-Language_dmd.csv,9il,3991,TRUE,Merged,NA,NA
D-Programming-Language_dmd.csv,9rnsr,29,TRUE,Merged,NA,NA
D-Programming-Language_dmd.csv,adamdruppe,769,TRUE,Closed,NA,NA
D-Programming-Language_dmd.csv,aG0aep6G,4861,TRUE,Merged,NA,NA
D-Programming-Language_dmd.csv,alexrp,489,TRUE,Closed,NA,NA
D-Programming-Language_dmd.csv,andralex,1428,TRUE,Closed,NA,NA
D-Programming-Language_dmd.csv,AndrejMitrovic,5185,TRUE,Merged,NA,NA
D-Programming-Language_dmd.csv,AndrewEdwards,3764,TRUE,Merged,NA,NA
D-Programming-Language_dmd.csv,andron,3594,TRUE,Merged,NA,NA
D-Programming-Language_dmd.csv,atilaneves,7760,TRUE,Merged,NA,NA
D-Programming-Language_dmd.csv,BBasile,5915,TRUE,Merged,NA,NA
D-Programming-Language_dmd.csv,belm0,961,TRUE,Merged,NA,NA
D-Programming-Language_dmd.csv,brad-anderson,3430,TRUE,Merged,NA,NA
D-Programming-Language_dmd.csv,braddr,27,TRUE,Merged,NA,NA
D-Programming-Language_dmd.csv,carlor,1177,TRUE,Merged,NA,NA
D-Programming-Language_dmd.csv,Cauterite,5243,TRUE,Closed,NA,NA
D-Programming-Language_dmd.csv,ckamm,189,TRUE,Merged,NA,NA
D-Programming-Language_dmd.csv,complexmath,3,TRUE,Closed,NA,NA
D-Programming-Language_dmd.csv,CyberShadow,330,TRUE,Merged,NA,NA
D-Programming-Language_dmd.csv,denis-sh,1123,TRUE,Merged,NA,NA
D-Programming-Language_dmd.csv,dgileadi,7763,TRUE,Merged,NA,NA
D-Programming-Language_dmd.csv,dheld,958,TRUE,Merged,NA,NA
D-Programming-Language_dmd.csv,donc,8,TRUE,Closed,NA,NA
D-Programming-Language_dmd.csv,dsimcha,327,TRUE,Merged,NA,NA
D-Programming-Language_dmd.csv,FeepingCreature,8012,TRUE,Merged,NA,NA
D-Programming-Language_dmd.csv,gchatelet,5469,TRUE,Merged,NA,NA
D-Programming-Language_dmd.csv,Geod24,3549,TRUE,Merged,NA,NA
D-Programming-Language_dmd.csv,ghost,1149,TRUE,Merged,NA,NA
D-Programming-Language_dmd.csv,glycerine,1793,TRUE,Closed,NA,NA
D-Programming-Language_dmd.csv,Govelius,53,TRUE,Merged,NA,NA
D-Programming-Language_dmd.csv,hpohl,1970,TRUE,Merged,NA,NA
D-Programming-Language_dmd.csv,ibuclaw,1,TRUE,Merged,NA,NA
D-Programming-Language_dmd.csv,IgorStepanov,1723,TRUE,Merged,NA,NA
D-Programming-Language_dmd.csv,jacob-carlborg,562,TRUE,Merged,NA,NA
D-Programming-Language_dmd.csv,jasonbking,3685,TRUE,Merged,NA,NA
D-Programming-Language_dmd.csv,JinShil,7605,TRUE,Merged,NA,NA
D-Programming-Language_dmd.csv,jmaschme,950,TRUE,Closed,NA,NA
D-Programming-Language_dmd.csv,jmdavis,305,TRUE,Merged,NA,NA
D-Programming-Language_dmd.csv,joakim-noah,3642,TRUE,Merged,NA,NA
D-Programming-Language_dmd.csv,JohanEngelen,5342,TRUE,Merged,NA,NA
D-Programming-Language_dmd.csv,John-Colvin,5170,TRUE,Merged,NA,NA
D-Programming-Language_dmd.csv,jpf91,1127,TRUE,Merged,NA,NA
D-Programming-Language_dmd.csv,kennytm,81,TRUE,Merged,NA,NA
D-Programming-Language_dmd.csv,kinke,4869,TRUE,Merged,NA,NA
D-Programming-Language_dmd.csv,klickverbot,9,TRUE,Merged,NA,NA
D-Programming-Language_dmd.csv,kubo39,8395,TRUE,Merged,NA,NA
D-Programming-Language_dmd.csv,leandro-lucarella-sociomantic,1286,TRUE,Merged,NA,NA
D-Programming-Language_dmd.csv,LemonBoy,7993,TRUE,Merged,NA,NA
D-Programming-Language_dmd.csv,LightBender,910,TRUE,Merged,NA,NA
D-Programming-Language_dmd.csv,lionello,1911,TRUE,Merged,NA,NA
D-Programming-Language_dmd.csv,llucax,496,TRUE,Merged,NA,NA
D-Programming-Language_dmd.csv,luismarques,4987,TRUE,Merged,NA,NA
D-Programming-Language_dmd.csv,marler8997,5973,TRUE,Merged,NA,NA
D-Programming-Language_dmd.csv,MartinNowak,17,TRUE,Closed,NA,NA
D-Programming-Language_dmd.csv,mathias-lang-sociomantic,5361,TRUE,Merged,NA,NA
D-Programming-Language_dmd.csv,MetaLang,4867,TRUE,Closed,NA,NA
D-Programming-Language_dmd.csv,michelf,234,TRUE,Closed,NA,NA
D-Programming-Language_dmd.csv,mihails-strasuns,1881,TRUE,Merged,NA,NA
D-Programming-Language_dmd.csv,mihails-strasuns-sociomantic,3829,TRUE,Merged,NA,NA
D-Programming-Language_dmd.csv,mleise,275,TRUE,Merged,NA,NA
D-Programming-Language_dmd.csv,mrmonday,74,TRUE,Closed,NA,NA
D-Programming-Language_dmd.csv,nemanja-boric-sociomantic,4199,TRUE,Closed,NA,NA
D-Programming-Language_dmd.csv,NilsBossung,994,TRUE,Merged,NA,NA
D-Programming-Language_dmd.csv,nordlow,3342,TRUE,Merged,NA,NA
D-Programming-Language_dmd.csv,ntrel,1173,TRUE,Merged,NA,NA
D-Programming-Language_dmd.csv,NULL,135,TRUE,Closed,NA,NA
D-Programming-Language_dmd.csv,Orvid,3414,TRUE,Merged,NA,NA
D-Programming-Language_dmd.csv,Passw,5579,TRUE,Merged,NA,NA
D-Programming-Language_dmd.csv,Poita,162,TRUE,Closed,NA,NA
D-Programming-Language_dmd.csv,qchikara,5331,TRUE,Merged,NA,NA
D-Programming-Language_dmd.csv,quickfur,3690,TRUE,Merged,NA,NA
D-Programming-Language_dmd.csv,rainers,256,TRUE,Merged,NA,NA
D-Programming-Language_dmd.csv,RazvanN7,7683,TRUE,Merged,NA,NA
D-Programming-Language_dmd.csv,redstar,1121,TRUE,Merged,NA,NA
D-Programming-Language_dmd.csv,Safety0ff,743,TRUE,Merged,NA,NA
D-Programming-Language_dmd.csv,schuetzm,3286,TRUE,Merged,NA,NA
D-Programming-Language_dmd.csv,schveiguy,8221,TRUE,Merged,NA,NA
D-Programming-Language_dmd.csv,smolt,5230,TRUE,Closed,NA,NA
D-Programming-Language_dmd.csv,somzzz,7897,TRUE,Merged,NA,NA
D-Programming-Language_dmd.csv,tgehr,371,TRUE,Merged,NA,NA
D-Programming-Language_dmd.csv,thewilsonator,7986,TRUE,Closed,NA,NA
D-Programming-Language_dmd.csv,timotheecour,7810,TRUE,Merged,NA,NA
D-Programming-Language_dmd.csv,tramker,4062,TRUE,Merged,NA,NA
D-Programming-Language_dmd.csv,Trass3r,4091,TRUE,Merged,NA,NA
D-Programming-Language_dmd.csv,tsbockman,5222,TRUE,Merged,NA,NA
D-Programming-Language_dmd.csv,TurkeyMan,1073,TRUE,Closed,NA,NA
D-Programming-Language_dmd.csv,UplinkCoder,5852,TRUE,Merged,NA,NA
D-Programming-Language_dmd.csv,WalterBright,1440,TRUE,Merged,NA,NA
D-Programming-Language_dmd.csv,wilzbach,5805,TRUE,Merged,NA,NA
D-Programming-Language_dmd.csv,yebblies,87,TRUE,Merged,NA,NA
D-Programming-Language_dmd.csv,yglukhov,3546,TRUE,Merged,NA,NA
D-Programming-Language_dmd.csv,yshui,8360,TRUE,Merged,NA,NA
D-Programming-Language_dmd.csv,ZombineDev,5212,TRUE,Merged,NA,NA
HuiLi_Sqlite3.07.14.csv,carolchao,426,TRUE,Merged,NA,NA
HuiLi_Sqlite3.07.14.csv,Kayjerry,411,TRUE,Merged,NA,NA
HuiLi_Sqlite3.07.14.csv,PengJi,449,TRUE,Merged,NA,NA
linuxmint_Cinnamon.csv,AlbertJP,1000,TRUE,Merged,NA,NA
linuxmint_Cinnamon.csv,autarkper,1185,TRUE,Merged,NA,NA
linuxmint_Cinnamon.csv,besser82,7077,TRUE,Merged,NA,NA
linuxmint_Cinnamon.csv,brownsr,6788,TRUE,Merged,NA,NA
linuxmint_Cinnamon.csv,City-busz,2572,TRUE,Merged,NA,NA
linuxmint_Cinnamon.csv,collinss,2275,TRUE,Merged,NA,NA
linuxmint_Cinnamon.csv,dalcde,4577,TRUE,Merged,NA,NA
linuxmint_Cinnamon.csv,Fantu,7482,TRUE,Merged,NA,NA
linuxmint_Cinnamon.csv,joequant,1449,TRUE,Merged,NA,NA
linuxmint_Cinnamon.csv,JosephMcc,4431,TRUE,Merged,NA,NA
linuxmint_Cinnamon.csv,leigh123linux,2425,TRUE,Merged,NA,NA
linuxmint_Cinnamon.csv,mtwebster,1917,TRUE,Merged,NA,NA
linuxmint_Cinnamon.csv,NikoKrause,6013,TRUE,Closed,NA,NA
linuxmint_Cinnamon.csv,RavetcoFX,2931,TRUE,Closed,NA,NA
linuxmint_Cinnamon.csv,wrouesnel,1343,TRUE,Merged,NA,NA
mapserver_mapserver.csv,AlexanderGabriel,5615,TRUE,Merged,NA,NA
mapserver_mapserver.csv,cnieman,4839,TRUE,Merged,NA,NA
mapserver_mapserver.csv,constantinius,4896,TRUE,Merged,NA,NA
mapserver_mapserver.csv,dmorissette,5479,TRUE,Closed,NA,NA
mapserver_mapserver.csv,fblackburn,4898,TRUE,Closed,NA,NA
mapserver_mapserver.csv,geographika,5261,TRUE,Closed,NA,NA
mapserver_mapserver.csv,gogglesguy,5327,TRUE,Closed,NA,NA
mapserver_mapserver.csv,homme,4409,TRUE,Closed,NA,NA
mapserver_mapserver.csv,jlarouche,4538,TRUE,Merged,NA,NA
mapserver_mapserver.csv,luipir,4698,TRUE,Merged,NA,NA
mapserver_mapserver.csv,micking,5457,TRUE,Merged,NA,NA
mapserver_mapserver.csv,mkofahl,4614,TRUE,Merged,NA,NA
mapserver_mapserver.csv,msmitherdc,5207,TRUE,Closed,NA,NA
mapserver_mapserver.csv,olt,5460,TRUE,Closed,NA,NA
mapserver_mapserver.csv,pmauduit,5371,TRUE,Closed,NA,NA
mapserver_mapserver.csv,rouault,4670,TRUE,Closed,NA,NA
mapserver_mapserver.csv,Schpidi,4471,TRUE,Merged,NA,NA
mapserver_mapserver.csv,szekerest,4817,TRUE,Closed,NA,NA
mapserver_mapserver.csv,tbonfort,4313,TRUE,Merged,NA,NA
mapserver_mapserver.csv,tomkralidis,5684,TRUE,Merged,NA,NA
mapserver_mapserver.csv,unicolet,4728,TRUE,Merged,NA,NA
mapserver_mapserver.csv,yjacolin,5530,TRUE,Merged,NA,NA
mruby_mruby.csv,3miliano,1556,TRUE,Closed,NA,NA
mruby_mruby.csv,akiray03,598,TRUE,Merged,NA,NA
mruby_mruby.csv,akuroda,1626,TRUE,Merged,NA,NA
mruby_mruby.csv,animalsiknow,2716,TRUE,Merged,NA,NA
mruby_mruby.csv,archSeer,1435,TRUE,Merged,NA,NA
mruby_mruby.csv,asfluido,3827,TRUE,Merged,NA,NA
mruby_mruby.csv,Asmod4n,2953,TRUE,Merged,NA,NA
mruby_mruby.csv,authorNari,677,TRUE,Merged,NA,NA
mruby_mruby.csv,bamchoh,3874,TRUE,Merged,NA,NA
mruby_mruby.csv,beoran,483,TRUE,Merged,NA,NA
mruby_mruby.csv,bggd,1605,TRUE,Merged,NA,NA
mruby_mruby.csv,bouk,3255,TRUE,Merged,NA,NA
mruby_mruby.csv,bovi,456,TRUE,Merged,NA,NA
mruby_mruby.csv,brainopia,839,TRUE,Merged,NA,NA
mruby_mruby.csv,carsonmcdonald,847,TRUE,Merged,NA,NA
mruby_mruby.csv,chasonr,2500,TRUE,Open,NA,NA
mruby_mruby.csv,christopheraue,3739,TRUE,Merged,NA,NA
mruby_mruby.csv,clayton-shopify,3303,TRUE,Merged,NA,NA
mruby_mruby.csv,cremno,761,TRUE,Merged,NA,NA
mruby_mruby.csv,crimsonwoods,1025,TRUE,Merged,NA,NA
mruby_mruby.csv,cubicdaiya,1622,TRUE,Closed,NA,NA
mruby_mruby.csv,dabroz,3234,TRUE,Merged,NA,NA
mruby_mruby.csv,dearblue,4110,TRUE,Merged,NA,NA
mruby_mruby.csv,dycoon,2521,TRUE,Merged,NA,NA
mruby_mruby.csv,felixjones,3207,TRUE,Merged,NA,NA
mruby_mruby.csv,Fleurer,1396,TRUE,Merged,NA,NA
mruby_mruby.csv,furunkel,2763,TRUE,Closed,NA,NA
mruby_mruby.csv,ghost,458,TRUE,Merged,NA,NA
mruby_mruby.csv,gzohari,1129,TRUE,Closed,NA,NA
mruby_mruby.csv,h2so5,1144,TRUE,Merged,NA,NA
mruby_mruby.csv,hone,2849,TRUE,Merged,NA,NA
mruby_mruby.csv,i110,4023,TRUE,Merged,NA,NA
mruby_mruby.csv,kano4,991,TRUE,Merged,NA,NA
mruby_mruby.csv,kazuho,3324,TRUE,Merged,NA,NA
mruby_mruby.csv,keizo042,3544,TRUE,Merged,NA,NA
mruby_mruby.csv,kext,2834,TRUE,Merged,NA,NA
mruby_mruby.csv,kimushu,1265,TRUE,Merged,NA,NA
mruby_mruby.csv,kou,2520,TRUE,Merged,NA,NA
mruby_mruby.csv,ksss,1749,TRUE,Merged,NA,NA
mruby_mruby.csv,ktaobo,1505,TRUE,Merged,NA,NA
mruby_mruby.csv,kyab,1282,TRUE,Merged,NA,NA
mruby_mruby.csv,masamitsu-murase,605,TRUE,Closed,NA,NA
mruby_mruby.csv,masuidrive,485,TRUE,Merged,NA,NA
mruby_mruby.csv,matsumotory,655,TRUE,Merged,NA,NA
mruby_mruby.csv,mattn,671,TRUE,Merged,NA,NA
mruby_mruby.csv,Mav7,2814,TRUE,Merged,NA,NA
mruby_mruby.csv,mimaki,2300,TRUE,Merged,NA,NA
mruby_mruby.csv,mirichi,1348,TRUE,Merged,NA,NA
mruby_mruby.csv,miura1729,2256,TRUE,Merged,NA,NA
mruby_mruby.csv,monaka,473,TRUE,Merged,NA,NA
mruby_mruby.csv,mrbrdo,2579,TRUE,Open,NA,NA
mruby_mruby.csv,murasesyuka,2663,TRUE,Merged,NA,NA
mruby_mruby.csv,nkshigeru,863,TRUE,Merged,NA,NA
mruby_mruby.csv,nobu,2096,TRUE,Merged,NA,NA
mruby_mruby.csv,NULL,601,TRUE,Closed,NA,NA
mruby_mruby.csv,nyuichi,1512,TRUE,Merged,NA,NA
mruby_mruby.csv,okkez,3552,TRUE,Merged,NA,NA
mruby_mruby.csv,pbosetti,1654,TRUE,Merged,NA,NA
mruby_mruby.csv,SatoshiOdawara,2598,TRUE,Merged,NA,NA
mruby_mruby.csv,scalone,2163,TRUE,Merged,NA,NA
mruby_mruby.csv,schmurfy,1509,TRUE,Merged,NA,NA
mruby_mruby.csv,sdottaka,2640,TRUE,Merged,NA,NA
mruby_mruby.csv,selman,634,TRUE,Merged,NA,NA
mruby_mruby.csv,skandhas,522,TRUE,Merged,NA,NA
mruby_mruby.csv,sogabe,492,TRUE,Closed,NA,NA
mruby_mruby.csv,stomar,1893,TRUE,Merged,NA,NA
mruby_mruby.csv,suzukaze,1331,TRUE,Merged,NA,NA
mruby_mruby.csv,takahashim,1560,TRUE,Merged,NA,NA
mruby_mruby.csv,take-cheeze,1494,TRUE,Closed,NA,NA
mruby_mruby.csv,takkaw,1012,TRUE,Closed,NA,NA
mruby_mruby.csv,tatsuhiro-t,2975,TRUE,Merged,NA,NA
mruby_mruby.csv,tsahara,1790,TRUE,Merged,NA,NA
mruby_mruby.csv,ukrainskiysergey,3852,TRUE,Merged,NA,NA
mruby_mruby.csv,unak,1823,TRUE,Merged,NA,NA
mruby_mruby.csv,xxuejie,563,TRUE,Merged,NA,NA
mruby_mruby.csv,yasuyuki,2973,TRUE,Merged,NA,NA
mruby_mruby.csv,yui-knk,2190,TRUE,Merged,NA,NA
mruby_mruby.csv,yurie,4067,TRUE,Merged,NA,NA
mruby_mruby.csv,yyamano,3623,TRUE,Merged,NA,NA
mruby_mruby.csv,zzak,2914,TRUE,Closed,NA,NA
neovim_neovim.csv,acferreir4,7466,TRUE,Open,NA,NA
neovim_neovim.csv,akkartik,1322,TRUE,Closed,NA,NA
neovim_neovim.csv,aktau,775,TRUE,Merged,NA,NA
neovim_neovim.csv,alexgenco,4409,TRUE,Merged,NA,NA
neovim_neovim.csv,atwupack,967,TRUE,Closed,NA,NA
neovim_neovim.csv,bambu,4821,TRUE,Merged,NA,NA
neovim_neovim.csv,bfredl,950,TRUE,Merged,NA,NA
neovim_neovim.csv,blueyed,2737,TRUE,Closed,NA,NA
neovim_neovim.csv,bobtwinkles,2148,TRUE,Closed,NA,NA
neovim_neovim.csv,brcolow,3918,TRUE,Merged,NA,NA
neovim_neovim.csv,b-r-o-c-k,8081,TRUE,Closed,NA,NA
neovim_neovim.csv,buztard,2536,TRUE,Closed,NA,NA
neovim_neovim.csv,carloabelli,6440,TRUE,Closed,NA,NA
neovim_neovim.csv,cepko33,1287,TRUE,Closed,NA,NA
neovim_neovim.csv,chemzqm,5666,TRUE,Merged,NA,NA
neovim_neovim.csv,choco,3309,TRUE,Merged,NA,NA
neovim_neovim.csv,cjoach,3687,TRUE,Merged,NA,NA
neovim_neovim.csv,ckelsel,7007,TRUE,Merged,NA,NA
neovim_neovim.csv,concatime,6827,TRUE,Merged,NA,NA
neovim_neovim.csv,cztchoice,3041,TRUE,Merged,NA,NA
neovim_neovim.csv,danishprakash,8013,TRUE,Closed,NA,NA
neovim_neovim.csv,DarkDeepBlue,5829,TRUE,Closed,NA,NA
neovim_neovim.csv,DarkDefender,4273,TRUE,Merged,NA,NA
neovim_neovim.csv,davidzchen,314,TRUE,Closed,NA,NA
neovim_neovim.csv,dbarnett,4583,TRUE,Merged,NA,NA
neovim_neovim.csv,deathlyfrantic,7864,TRUE,Merged,NA,NA
neovim_neovim.csv,diegoviola,4198,TRUE,Merged,NA,NA
neovim_neovim.csv,dimbleby,8612,TRUE,Merged,NA,NA
neovim_neovim.csv,dmerejkowsky,3365,TRUE,Merged,NA,NA
neovim_neovim.csv,dougschneider,737,TRUE,Merged,NA,NA
neovim_neovim.csv,dzhou121,6167,TRUE,Merged,NA,NA
neovim_neovim.csv,e-kwsm,7336,TRUE,Closed,NA,NA
neovim_neovim.csv,elmart,655,TRUE,Merged,NA,NA
neovim_neovim.csv,epmatsw,833,TRUE,Closed,NA,NA
neovim_neovim.csv,equal-l2,5694,TRUE,Closed,NA,NA
neovim_neovim.csv,equalsraf,919,TRUE,Merged,NA,NA
neovim_neovim.csv,erw7,6486,TRUE,Merged,NA,NA
neovim_neovim.csv,euclio,6680,TRUE,Merged,NA,NA
neovim_neovim.csv,FlorianGit,7692,TRUE,Merged,NA,NA
neovim_neovim.csv,florolf,7675,TRUE,Merged,NA,NA
neovim_neovim.csv,fmoralesc,1217,TRUE,Closed,NA,NA
neovim_neovim.csv,fornwall,1019,TRUE,Merged,NA,NA
neovim_neovim.csv,FriedSock,6294,TRUE,Merged,NA,NA
neovim_neovim.csv,fwalch,982,TRUE,Closed,NA,NA
neovim_neovim.csv,geekodour,8003,TRUE,Merged,NA,NA
neovim_neovim.csv,ghost,241,TRUE,Closed,NA,NA
neovim_neovim.csv,glindste,2073,TRUE,Merged,NA,NA
neovim_neovim.csv,glts,2218,TRUE,Closed,NA,NA
neovim_neovim.csv,gregorias,4588,TRUE,Merged,NA,NA
neovim_neovim.csv,grtlr,2513,TRUE,Closed,NA,NA
neovim_neovim.csv,hardenedapple,5983,TRUE,Merged,NA,NA
neovim_neovim.csv,harsh1kumar,691,TRUE,Merged,NA,NA
neovim_neovim.csv,Hettomei,2427,TRUE,Merged,NA,NA
neovim_neovim.csv,Hinidu,491,TRUE,Closed,NA,NA
neovim_neovim.csv,HiPhish,4649,TRUE,Merged,NA,NA
neovim_neovim.csv,h-michael,5111,TRUE,Closed,NA,NA
neovim_neovim.csv,ilAYAli,4270,TRUE,Open,NA,NA
neovim_neovim.csv,impo,6219,TRUE,Merged,NA,NA
neovim_neovim.csv,iperry,2178,TRUE,Closed,NA,NA
neovim_neovim.csv,JackDanger,1835,TRUE,Closed,NA,NA
neovim_neovim.csv,jalvesaq,2320,TRUE,Merged,NA,NA
neovim_neovim.csv,jamessan,4489,TRUE,Closed,NA,NA
neovim_neovim.csv,janlazo,7349,TRUE,Merged,NA,NA
neovim_neovim.csv,javian,6597,TRUE,Merged,NA,NA
neovim_neovim.csv,jbradaric,4010,TRUE,Merged,NA,NA
neovim_neovim.csv,jck,480,TRUE,Closed,NA,NA
neovim_neovim.csv,jdebp,6790,TRUE,Merged,NA,NA
neovim_neovim.csv,jeffwidman,1318,TRUE,Closed,NA,NA
neovim_neovim.csv,jinnovation,1454,TRUE,Merged,NA,NA
neovim_neovim.csv,johanhelsing,3431,TRUE,Merged,NA,NA
neovim_neovim.csv,jonaias,1717,TRUE,Closed,NA,NA
neovim_neovim.csv,josephholsten,1231,TRUE,Closed,NA,NA
neovim_neovim.csv,joshtriplett,5058,TRUE,Merged,NA,NA
neovim_neovim.csv,jszakmeister,313,TRUE,Closed,NA,NA
neovim_neovim.csv,Jun-T,4220,TRUE,Merged,NA,NA
neovim_neovim.csv,jusga,4013,TRUE,Merged,NA,NA
neovim_neovim.csv,justinmk,444,TRUE,Merged,NA,NA
neovim_neovim.csv,KarboniteKream,641,TRUE,Closed,NA,NA
neovim_neovim.csv,KillTheMule,4563,TRUE,Merged,NA,NA
neovim_neovim.csv,klusark,661,TRUE,Merged,NA,NA
neovim_neovim.csv,kranki,5189,TRUE,Open,NA,NA
neovim_neovim.csv,llorens,7344,TRUE,Closed,NA,NA
neovim_neovim.csv,lokesh1197,8187,TRUE,Open,NA,NA
neovim_neovim.csv,lonerover,5814,TRUE,Closed,NA,NA
neovim_neovim.csv,lslah,307,TRUE,Closed,NA,NA
neovim_neovim.csv,lucc,2692,TRUE,Closed,NA,NA
neovim_neovim.csv,lyuts,3982,TRUE,Merged,NA,NA
neovim_neovim.csv,mahkoh,295,TRUE,Closed,NA,NA
neovim_neovim.csv,marvim,7821,TRUE,Merged,NA,NA
neovim_neovim.csv,matthiasbeyer,624,TRUE,Closed,NA,NA
neovim_neovim.csv,mbainter,2374,TRUE,Merged,NA,NA
neovim_neovim.csv,metrix78,855,TRUE,Closed,NA,NA
neovim_neovim.csv,mhinz,526,TRUE,Closed,NA,NA
neovim_neovim.csv,MichaHoffmann,8650,TRUE,Merged,NA,NA
neovim_neovim.csv,mqudsi,7328,TRUE,Merged,NA,NA
neovim_neovim.csv,mrbiggfoot,8183,TRUE,Merged,NA,NA
neovim_neovim.csv,msva,7234,TRUE,Merged,NA,NA
neovim_neovim.csv,mtayler,375,TRUE,Closed,NA,NA
neovim_neovim.csv,munyari,4515,TRUE,Closed,NA,NA
neovim_neovim.csv,nateozem,7188,TRUE,Merged,NA,NA
neovim_neovim.csv,nelstrom,6320,TRUE,Merged,NA,NA
neovim_neovim.csv,nelsyeung,2844,TRUE,Merged,NA,NA
neovim_neovim.csv,nhooyr,4446,TRUE,Closed,NA,NA
neovim_neovim.csv,nhynes,2792,TRUE,Closed,NA,NA
neovim_neovim.csv,nicdumz,4117,TRUE,Merged,NA,NA
neovim_neovim.csv,nimitbhardwaj,8080,TRUE,Closed,NA,NA
neovim_neovim.csv,NOLFXceptMe,1175,TRUE,Merged,NA,NA
neovim_neovim.csv,nono,9095,TRUE,Merged,NA,NA
neovim_neovim.csv,NULL,828,TRUE,Closed,NA,NA
neovim_neovim.csv,oni-link,321,TRUE,Merged,NA,NA
neovim_neovim.csv,patricksjackson,5409,TRUE,Merged,NA,NA
neovim_neovim.csv,phanimahesh,5543,TRUE,Merged,NA,NA
neovim_neovim.csv,philix,290,TRUE,Closed,NA,NA
neovim_neovim.csv,phodge,8605,TRUE,Open,NA,NA
neovim_neovim.csv,prollings,4985,TRUE,Closed,NA,NA
neovim_neovim.csv,pvinis,2346,TRUE,Merged,NA,NA
neovim_neovim.csv,raichoo,6232,TRUE,Merged,NA,NA
neovim_neovim.csv,relnod,6395,TRUE,Merged,NA,NA
neovim_neovim.csv,rogual,2990,TRUE,Closed,NA,NA
neovim_neovim.csv,romgrk,5027,TRUE,Open,NA,NA
neovim_neovim.csv,sach1t,4872,TRUE,Merged,NA,NA
neovim_neovim.csv,saep,2975,TRUE,Closed,NA,NA
neovim_neovim.csv,sakhnik,5339,TRUE,Merged,NA,NA
neovim_neovim.csv,sander2,6142,TRUE,Merged,NA,NA
neovim_neovim.csv,schmee,363,TRUE,Closed,NA,NA
neovim_neovim.csv,sethjackson,3215,TRUE,Merged,NA,NA
neovim_neovim.csv,shotat,4860,TRUE,Merged,NA,NA
neovim_neovim.csv,Shougo,1182,TRUE,Merged,NA,NA
neovim_neovim.csv,simendsjo,229,TRUE,Closed,NA,NA
neovim_neovim.csv,simonweil,5025,TRUE,Merged,NA,NA
neovim_neovim.csv,sohnryang,7960,TRUE,Merged,NA,NA
neovim_neovim.csv,splinterofchaos,951,TRUE,Merged,NA,NA
neovim_neovim.csv,stefan991,264,TRUE,Closed,NA,NA
neovim_neovim.csv,steveno,1547,TRUE,Merged,NA,NA
neovim_neovim.csv,tarruda,320,TRUE,Closed,NA,NA
neovim_neovim.csv,teto,5986,TRUE,Closed,NA,NA
neovim_neovim.csv,three-comrades,1520,TRUE,Merged,NA,NA
neovim_neovim.csv,tjdevries,4894,TRUE,Closed,NA,NA
neovim_neovim.csv,tonyo,2117,TRUE,Merged,NA,NA
neovim_neovim.csv,Tranquility,2274,TRUE,Closed,NA,NA
neovim_neovim.csv,tweekmonster,4881,TRUE,Merged,NA,NA
neovim_neovim.csv,UtkarshMe,8421,TRUE,Open,NA,NA
neovim_neovim.csv,vext01,6656,TRUE,Merged,NA,NA
neovim_neovim.csv,vheon,2839,TRUE,Closed,NA,NA
neovim_neovim.csv,wandernauta,3034,TRUE,Merged,NA,NA
neovim_neovim.csv,war1025,1021,TRUE,Closed,NA,NA
neovim_neovim.csv,watiko,3980,TRUE,Merged,NA,NA
neovim_neovim.csv,watk,500,TRUE,Closed,NA,NA
neovim_neovim.csv,wesleywiser,810,TRUE,Closed,NA,NA
neovim_neovim.csv,wsdjeg,5038,TRUE,Merged,NA,NA
neovim_neovim.csv,yagebu,6351,TRUE,Closed,NA,NA
neovim_neovim.csv,zhaozg,7844,TRUE,Merged,NA,NA
neovim_neovim.csv,zhou13,4743,TRUE,Merged,NA,NA
neovim_neovim.csv,ZviRackover,8662,TRUE,Closed,NA,NA
neovim_neovim.csv,ZyX-I,668,TRUE,Closed,NA,NA
numpy_numpy.csv,aarchiba,6195,TRUE,Merged,NA,NA
numpy_numpy.csv,abalkin,4038,TRUE,Merged,NA,NA
numpy_numpy.csv,adeak,9322,TRUE,Merged,NA,NA
numpy_numpy.csv,ahaldane,5453,TRUE,Closed,NA,NA
numpy_numpy.csv,ahjulstad,5548,TRUE,Merged,NA,NA
numpy_numpy.csv,ahmadia,324,TRUE,Merged,NA,NA
numpy_numpy.csv,ahojnnes,4112,TRUE,Merged,NA,NA
numpy_numpy.csv,anntzer,5821,TRUE,Merged,NA,NA
numpy_numpy.csv,apbard,8445,TRUE,Merged,NA,NA
numpy_numpy.csv,argriffing,2907,TRUE,Merged,NA,NA
numpy_numpy.csv,arinkverma,3297,TRUE,Closed,NA,NA
numpy_numpy.csv,astrofrog,482,TRUE,Merged,NA,NA
numpy_numpy.csv,bashtage,9575,TRUE,Merged,NA,NA
numpy_numpy.csv,b-carter,9582,TRUE,Merged,NA,NA
numpy_numpy.csv,behzadnouri,5797,TRUE,Merged,NA,NA
numpy_numpy.csv,bertrand-l,6055,TRUE,Merged,NA,NA
numpy_numpy.csv,bfroehle,352,TRUE,Merged,NA,NA
numpy_numpy.csv,birm,7704,TRUE,Merged,NA,NA
numpy_numpy.csv,blackball,8750,TRUE,Merged,NA,NA
numpy_numpy.csv,bobeldering,9362,TRUE,Merged,NA,NA
numpy_numpy.csv,bryevdv,208,TRUE,Closed,NA,NA
numpy_numpy.csv,cagostino,10743,TRUE,Merged,NA,NA
numpy_numpy.csv,Carreau,8997,TRUE,Merged,NA,NA
numpy_numpy.csv,ceh,12051,TRUE,Merged,NA,NA
numpy_numpy.csv,certik,40,TRUE,Closed,NA,NA
numpy_numpy.csv,cgohlke,226,TRUE,Closed,NA,NA
numpy_numpy.csv,cgwaldman,4089,TRUE,Merged,NA,NA
numpy_numpy.csv,charris,18,TRUE,Closed,NA,NA
numpy_numpy.csv,chatcannon,4039,TRUE,Merged,NA,NA
numpy_numpy.csv,chebee7i,5270,TRUE,Merged,NA,NA
numpy_numpy.csv,chiffa,7351,TRUE,Merged,NA,NA
numpy_numpy.csv,chrisjordansquire,127,TRUE,Closed,NA,NA
numpy_numpy.csv,chunweiyuan,9177,TRUE,Open,NA,NA
numpy_numpy.csv,cournape,2936,TRUE,Merged,NA,NA
numpy_numpy.csv,cowlicks,3522,TRUE,Merged,NA,NA
numpy_numpy.csv,Daetalus,7667,TRUE,Merged,NA,NA
numpy_numpy.csv,ddasilva,4401,TRUE,Merged,NA,NA
numpy_numpy.csv,derrickaw,10391,TRUE,Merged,NA,NA
numpy_numpy.csv,dfreese,4306,TRUE,Merged,NA,NA
numpy_numpy.csv,dgasmith,5483,TRUE,Merged,NA,NA
numpy_numpy.csv,dhermes,8500,TRUE,Merged,NA,NA
numpy_numpy.csv,dhomeier,143,TRUE,Closed,NA,NA
numpy_numpy.csv,dimasad,161,TRUE,Closed,NA,NA
numpy_numpy.csv,dlax,272,TRUE,Merged,NA,NA
numpy_numpy.csv,dongjoon-hyun,7254,TRUE,Merged,NA,NA
numpy_numpy.csv,dwf,187,TRUE,Closed,NA,NA
numpy_numpy.csv,efiring,210,TRUE,Closed,NA,NA
numpy_numpy.csv,embray,5920,TRUE,Merged,NA,NA
numpy_numpy.csv,empeeu,4286,TRUE,Merged,NA,NA
numpy_numpy.csv,endolith,459,TRUE,Merged,NA,NA
numpy_numpy.csv,ericfode,335,TRUE,Closed,NA,NA
numpy_numpy.csv,eric-wieser,7582,TRUE,Closed,NA,NA
numpy_numpy.csv,esc,3798,TRUE,Merged,NA,NA
numpy_numpy.csv,ev-br,6674,TRUE,Merged,NA,NA
numpy_numpy.csv,ewmoore,3136,TRUE,Merged,NA,NA
numpy_numpy.csv,fabianp,14,TRUE,Closed,NA,NA
numpy_numpy.csv,fkbreitl,3590,TRUE,Merged,NA,NA
numpy_numpy.csv,gandalf013,119,TRUE,Closed,NA,NA
numpy_numpy.csv,Garrett-R,5323,TRUE,Closed,NA,NA
numpy_numpy.csv,gdementen,4609,TRUE,Merged,NA,NA
numpy_numpy.csv,gerritholl,6726,TRUE,Merged,NA,NA
numpy_numpy.csv,gfyoung,6822,TRUE,Merged,NA,NA
numpy_numpy.csv,ghost,3007,TRUE,Merged,NA,NA
numpy_numpy.csv,grlee77,5072,TRUE,Merged,NA,NA
numpy_numpy.csv,hameerabbasi,10633,TRUE,Closed,NA,NA
numpy_numpy.csv,hensing,5333,TRUE,Merged,NA,NA
numpy_numpy.csv,hmaarrfk,10381,TRUE,Merged,NA,NA
numpy_numpy.csv,insertinterestingnamehere,6049,TRUE,Merged,NA,NA
numpy_numpy.csv,jaimefrio,4179,TRUE,Merged,NA,NA
numpy_numpy.csv,jakirkham,5577,TRUE,Merged,NA,NA
numpy_numpy.csv,jarl-haggerty,5131,TRUE,Merged,NA,NA
numpy_numpy.csv,jarondl,3828,TRUE,Merged,NA,NA
numpy_numpy.csv,jarrodmillman,9796,TRUE,Merged,NA,NA
numpy_numpy.csv,jayvius,349,TRUE,Merged,NA,NA
numpy_numpy.csv,JDWarner,3328,TRUE,Merged,NA,NA
numpy_numpy.csv,jeffyancey,11771,TRUE,Merged,NA,NA
numpy_numpy.csv,jennystone,4141,TRUE,Merged,NA,NA
numpy_numpy.csv,jjhelmus,3478,TRUE,Closed,NA,NA
numpy_numpy.csv,jnothman,3610,TRUE,Merged,NA,NA
numpy_numpy.csv,jrbourbeau,9545,TRUE,Merged,NA,NA
numpy_numpy.csv,jsalvatier,374,TRUE,Closed,NA,NA
numpy_numpy.csv,J-Sand,8336,TRUE,Merged,NA,NA
numpy_numpy.csv,jseabold,79,TRUE,Closed,NA,NA
numpy_numpy.csv,Juanlu001,2883,TRUE,Merged,NA,NA
numpy_numpy.csv,juliantaylor,2789,TRUE,Merged,NA,NA
numpy_numpy.csv,jzwinck,7743,TRUE,Merged,NA,NA
numpy_numpy.csv,k-kapp,9167,TRUE,Merged,NA,NA
numpy_numpy.csv,lagru,11149,TRUE,Merged,NA,NA
numpy_numpy.csv,larsmans,114,TRUE,Closed,NA,NA
numpy_numpy.csv,lesteve,8441,TRUE,Merged,NA,NA
numpy_numpy.csv,Licht-T,9524,TRUE,Merged,NA,NA
numpy_numpy.csv,longjon,9060,TRUE,Merged,NA,NA
numpy_numpy.csv,luispedro,13,TRUE,Closed,NA,NA
numpy_numpy.csv,luzpaz,10211,TRUE,Merged,NA,NA
numpy_numpy.csv,lzkelley,6547,TRUE,Merged,NA,NA
numpy_numpy.csv,madphysicist,6819,TRUE,Merged,NA,NA
numpy_numpy.csv,maniteja123,5383,TRUE,Merged,NA,NA
numpy_numpy.csv,MartinThoma,4982,TRUE,Merged,NA,NA
numpy_numpy.csv,matheusportela,10425,TRUE,Merged,NA,NA
numpy_numpy.csv,mattharrigan,8153,TRUE,Merged,NA,NA
numpy_numpy.csv,matthew-brett,63,TRUE,Closed,NA,NA
numpy_numpy.csv,mattip,7610,TRUE,Closed,NA,NA
numpy_numpy.csv,mdboom,65,TRUE,Closed,NA,NA
numpy_numpy.csv,mforbes,274,TRUE,Closed,NA,NA
numpy_numpy.csv,mhvk,3905,TRUE,Merged,NA,NA
numpy_numpy.csv,MSeifert04,7275,TRUE,Merged,NA,NA
numpy_numpy.csv,mspacek,3575,TRUE,Merged,NA,NA
numpy_numpy.csv,mwiebe,5,TRUE,Closed,NA,NA
numpy_numpy.csv,mwtoews,10986,TRUE,Merged,NA,NA
numpy_numpy.csv,nils-werner,5263,TRUE,Closed,NA,NA
numpy_numpy.csv,njsmith,280,TRUE,Merged,NA,NA
numpy_numpy.csv,Nodd,3881,TRUE,Merged,NA,NA
numpy_numpy.csv,nouiz,305,TRUE,Merged,NA,NA
numpy_numpy.csv,NULL,99,TRUE,Closed,NA,NA
numpy_numpy.csv,ogrisel,4073,TRUE,Merged,NA,NA
numpy_numpy.csv,oleksandr-pavlyk,8122,TRUE,Merged,NA,NA
numpy_numpy.csv,ozabluda,9905,TRUE,Closed,NA,NA
numpy_numpy.csv,peliot,4208,TRUE,Closed,NA,NA
numpy_numpy.csv,perimosocordiae,5093,TRUE,Closed,NA,NA
numpy_numpy.csv,petetanru,8265,TRUE,Merged,NA,NA
numpy_numpy.csv,philipgura,7373,TRUE,Merged,NA,NA
numpy_numpy.csv,pierreglaser,12089,TRUE,Merged,NA,NA
numpy_numpy.csv,pitrou,5342,TRUE,Merged,NA,NA
numpy_numpy.csv,pizzathief,6312,TRUE,Merged,NA,NA
numpy_numpy.csv,pletnes,123,TRUE,Closed,NA,NA
numpy_numpy.csv,pv,306,TRUE,Merged,NA,NA
numpy_numpy.csv,QuLogic,11710,TRUE,Merged,NA,NA
numpy_numpy.csv,rainwoodman,8026,TRUE,Closed,NA,NA
numpy_numpy.csv,rehassachdeva,7312,TRUE,Closed,NA,NA
numpy_numpy.csv,rgommers,2,TRUE,Merged,NA,NA
numpy_numpy.csv,rherault-insa,6538,TRUE,Merged,NA,NA
numpy_numpy.csv,rkern,64,TRUE,Merged,NA,NA
numpy_numpy.csv,rlamy,367,TRUE,Merged,NA,NA
numpy_numpy.csv,rmcgibbo,5621,TRUE,Merged,NA,NA
numpy_numpy.csv,rnelsonchem,5319,TRUE,Merged,NA,NA
numpy_numpy.csv,rolk,8452,TRUE,Merged,NA,NA
numpy_numpy.csv,rsokl,11217,TRUE,Closed,NA,NA
numpy_numpy.csv,saimn,6733,TRUE,Merged,NA,NA
numpy_numpy.csv,samuelstjean,6214,TRUE,Closed,NA,NA
numpy_numpy.csv,sandrotosi,2869,TRUE,Closed,NA,NA
numpy_numpy.csv,Sankarshan-Mudkavi,4335,TRUE,Closed,NA,NA
numpy_numpy.csv,scottza,3638,TRUE,Merged,NA,NA
numpy_numpy.csv,seberg,419,TRUE,Merged,NA,NA
numpy_numpy.csv,shadchin,8349,TRUE,Merged,NA,NA
numpy_numpy.csv,shitian-ni,9133,TRUE,Merged,NA,NA
numpy_numpy.csv,shoyer,4342,TRUE,Merged,NA,NA
numpy_numpy.csv,sieben,6649,TRUE,Merged,NA,NA
numpy_numpy.csv,simongibbons,5590,TRUE,Merged,NA,NA
numpy_numpy.csv,skwbc,8057,TRUE,Merged,NA,NA
numpy_numpy.csv,solarjoe,8718,TRUE,Merged,NA,NA
numpy_numpy.csv,sotte,5275,TRUE,Closed,NA,NA
numpy_numpy.csv,souravsingh,7099,TRUE,Merged,NA,NA
numpy_numpy.csv,srinivasreddy,9590,TRUE,Merged,NA,NA
numpy_numpy.csv,ssbarnea,7583,TRUE,Closed,NA,NA
numpy_numpy.csv,stefanv,484,TRUE,Merged,NA,NA
numpy_numpy.csv,stuartarchibald,6698,TRUE,Merged,NA,NA
numpy_numpy.csv,sturlamolden,5219,TRUE,Closed,NA,NA
numpy_numpy.csv,tacaswell,4618,TRUE,Closed,NA,NA
numpy_numpy.csv,tadeu,7558,TRUE,Merged,NA,NA
numpy_numpy.csv,takluyver,4174,TRUE,Closed,NA,NA
numpy_numpy.csv,tecki,144,TRUE,Closed,NA,NA
numpy_numpy.csv,teoliphant,204,TRUE,Closed,NA,NA
numpy_numpy.csv,theodoregoetz,9626,TRUE,Merged,NA,NA
numpy_numpy.csv,thouis,172,TRUE,Closed,NA,NA
numpy_numpy.csv,timcera,186,TRUE,Closed,NA,NA
numpy_numpy.csv,tkamishima,7793,TRUE,Merged,NA,NA
numpy_numpy.csv,tom-bird,8364,TRUE,Merged,NA,NA
numpy_numpy.csv,tovrstra,5149,TRUE,Merged,NA,NA
numpy_numpy.csv,tylerjereddy,10327,TRUE,Merged,NA,NA
numpy_numpy.csv,vanossj,10563,TRUE,Merged,NA,NA
numpy_numpy.csv,wackywendell,6576,TRUE,Merged,NA,NA
numpy_numpy.csv,walshb,106,TRUE,Merged,NA,NA
numpy_numpy.csv,WarrenWeckesser,185,TRUE,Closed,NA,NA
numpy_numpy.csv,warut-vijit,8739,TRUE,Merged,NA,NA
numpy_numpy.csv,WeatherGod,166,TRUE,Closed,NA,NA
numpy_numpy.csv,wrwrwr,8114,TRUE,Merged,NA,NA
numpy_numpy.csv,xuhdev,9919,TRUE,Closed,NA,NA
numpy_numpy.csv,YannickJadoul,11852,TRUE,Merged,NA,NA
numpy_numpy.csv,yarikoptic,285,TRUE,Merged,NA,NA
numpy_numpy.csv,yashmehrotra,6236,TRUE,Merged,NA,NA
numpy_numpy.csv,yw5aj,5316,TRUE,Merged,NA,NA
numpy_numpy.csv,zerothi,5854,TRUE,Closed,NA,NA
opentx_opentx.csv,3djc,3493,TRUE,Merged,NA,NA
opentx_opentx.csv,adriano65,1893,TRUE,Merged,NA,NA
opentx_opentx.csv,bsongis,1444,TRUE,Closed,NA,NA
opentx_opentx.csv,driver33,630,TRUE,Merged,NA,NA
opentx_opentx.csv,dsbeach,2853,TRUE,Merged,NA,NA
opentx_opentx.csv,floaledm,3363,TRUE,Merged,NA,NA
opentx_opentx.csv,HakanBastedt,3114,TRUE,Merged,NA,NA
opentx_opentx.csv,jtaylor2,2832,TRUE,Merged,NA,NA
opentx_opentx.csv,kilrah,188,TRUE,Closed,NA,NA
opentx_opentx.csv,mhotar,5371,TRUE,Merged,NA,NA
opentx_opentx.csv,MicheleVilla,1989,TRUE,Merged,NA,NA
opentx_opentx.csv,mikeller,6036,TRUE,Merged,NA,NA
opentx_opentx.csv,mpaperno,2170,TRUE,Merged,NA,NA
opentx_opentx.csv,openfsguruh,1104,TRUE,Merged,NA,NA
opentx_opentx.csv,projectkk2glider,1439,TRUE,Closed,NA,NA
opentx_opentx.csv,raphaelcoeffic,2606,TRUE,Merged,NA,NA
opentx_opentx.csv,rcbebo82,3921,TRUE,Merged,NA,NA
opentx_opentx.csv,schwabe,3426,TRUE,Merged,NA,NA
opentx_opentx.csv,xmxwx,2209,TRUE,Merged,NA,NA
scipy_scipy.csv,aarchiba,4648,TRUE,Merged,NA,NA
scipy_scipy.csv,adbugger,8546,TRUE,Merged,NA,NA
scipy_scipy.csv,adivijaykumar,7569,TRUE,Open,NA,NA
scipy_scipy.csv,aeklant,4618,TRUE,Merged,NA,NA
scipy_scipy.csv,akahard2dj,9035,TRUE,Merged,NA,NA
scipy_scipy.csv,AlexGrig,4488,TRUE,Closed,NA,NA
scipy_scipy.csv,aman-iitj,4309,TRUE,Closed,NA,NA
scipy_scipy.csv,andreas-h,2798,TRUE,Merged,NA,NA
scipy_scipy.csv,Andreea-G,4684,TRUE,Merged,NA,NA
scipy_scipy.csv,andrenarchy,3504,TRUE,Merged,NA,NA
scipy_scipy.csv,andyfaff,3444,TRUE,Closed,NA,NA
scipy_scipy.csv,ankit-maverick,3430,TRUE,Merged,NA,NA
scipy_scipy.csv,anntzer,3707,TRUE,Merged,NA,NA
scipy_scipy.csv,antonior92,6403,TRUE,Merged,NA,NA
scipy_scipy.csv,apbard,6655,TRUE,Closed,NA,NA
scipy_scipy.csv,argriffing,2886,TRUE,Merged,NA,NA
scipy_scipy.csv,ashwinpathak20,7423,TRUE,Merged,NA,NA
scipy_scipy.csv,astrofrog,3869,TRUE,Closed,NA,NA
scipy_scipy.csv,befelix,4572,TRUE,Merged,NA,NA
scipy_scipy.csv,behzadnouri,5000,TRUE,Merged,NA,NA
scipy_scipy.csv,bhavika,6285,TRUE,Merged,NA,NA
scipy_scipy.csv,bjude,8091,TRUE,Merged,NA,NA
scipy_scipy.csv,bmcage,3235,TRUE,Closed,NA,NA
scipy_scipy.csv,burnpanck,5792,TRUE,Merged,NA,NA
scipy_scipy.csv,cbrueffer,3820,TRUE,Merged,NA,NA
scipy_scipy.csv,cdeil,2941,TRUE,Merged,NA,NA
scipy_scipy.csv,cdouglass,7479,TRUE,Merged,NA,NA
scipy_scipy.csv,cgohlke,3064,TRUE,Closed,NA,NA
scipy_scipy.csv,charris,3857,TRUE,Merged,NA,NA
scipy_scipy.csv,chatcannon,3914,TRUE,Merged,NA,NA
scipy_scipy.csv,chemelnucfin,5457,TRUE,Closed,NA,NA
scipy_scipy.csv,chrisb83,8170,TRUE,Merged,NA,NA
scipy_scipy.csv,clarkfitzg,3992,TRUE,Closed,NA,NA
scipy_scipy.csv,ClemensFMN,2825,TRUE,Merged,NA,NA
scipy_scipy.csv,Dapid,2964,TRUE,Merged,NA,NA
scipy_scipy.csv,deepakgouda,8355,TRUE,Closed,NA,NA
scipy_scipy.csv,djarecka,2796,TRUE,Closed,NA,NA
scipy_scipy.csv,dlax,2916,TRUE,Merged,NA,NA
scipy_scipy.csv,drhagen,7420,TRUE,Merged,NA,NA
scipy_scipy.csv,drpeteb,5295,TRUE,Merged,NA,NA
scipy_scipy.csv,efiring,4604,TRUE,Closed,NA,NA
scipy_scipy.csv,endolith,2849,TRUE,Merged,NA,NA
scipy_scipy.csv,e-q,4465,TRUE,Closed,NA,NA
scipy_scipy.csv,eric-wieser,7182,TRUE,Merged,NA,NA
scipy_scipy.csv,eternia478,5318,TRUE,Open,NA,NA
scipy_scipy.csv,evanlimanto,7004,TRUE,Merged,NA,NA
scipy_scipy.csv,ev-br,2821,TRUE,Closed,NA,NA
scipy_scipy.csv,evgenyzhurko,6847,TRUE,Merged,NA,NA
scipy_scipy.csv,ewmoore,2804,TRUE,Closed,NA,NA
scipy_scipy.csv,f0k,4718,TRUE,Merged,NA,NA
scipy_scipy.csv,FormerPhysicist,8615,TRUE,Merged,NA,NA
scipy_scipy.csv,FRidh,4824,TRUE,Open,NA,NA
scipy_scipy.csv,gertingold,2809,TRUE,Merged,NA,NA
scipy_scipy.csv,gfyoung,5777,TRUE,Merged,NA,NA
scipy_scipy.csv,ghost,4298,TRUE,Closed,NA,NA
scipy_scipy.csv,giorgiop,5228,TRUE,Merged,NA,NA
scipy_scipy.csv,Gotham13121997,9278,TRUE,Merged,NA,NA
scipy_scipy.csv,grlee77,4000,TRUE,Merged,NA,NA
scipy_scipy.csv,haudren,5017,TRUE,Merged,NA,NA
scipy_scipy.csv,helderc,4049,TRUE,Closed,NA,NA
scipy_scipy.csv,horta,3944,TRUE,Merged,NA,NA
scipy_scipy.csv,ilayn,6569,TRUE,Closed,NA,NA
scipy_scipy.csv,insertinterestingnamehere,4388,TRUE,Merged,NA,NA
scipy_scipy.csv,I--P,4294,TRUE,Closed,NA,NA
scipy_scipy.csv,jaimefrio,7483,TRUE,Merged,NA,NA
scipy_scipy.csv,jakevdp,7319,TRUE,Closed,NA,NA
scipy_scipy.csv,jamestwebber,3200,TRUE,Merged,NA,NA
scipy_scipy.csv,jennystone,3809,TRUE,Merged,NA,NA
scipy_scipy.csv,jfbu,8636,TRUE,Merged,NA,NA
scipy_scipy.csv,jnothman,3245,TRUE,Merged,NA,NA
scipy_scipy.csv,jor-,4961,TRUE,Merged,NA,NA
scipy_scipy.csv,jseabold,3104,TRUE,Closed,NA,NA
scipy_scipy.csv,juliantaylor,2979,TRUE,Merged,NA,NA
scipy_scipy.csv,jwilk,6251,TRUE,Merged,NA,NA
scipy_scipy.csv,Kai-Striega,8907,TRUE,Merged,NA,NA
scipy_scipy.csv,karischoonbee,6321,TRUE,Merged,NA,NA
scipy_scipy.csv,kdavies4,3584,TRUE,Closed,NA,NA
scipy_scipy.csv,kleskjr,5661,TRUE,Merged,NA,NA
scipy_scipy.csv,lagru,8261,TRUE,Merged,NA,NA
scipy_scipy.csv,larsmans,2824,TRUE,Closed,NA,NA
scipy_scipy.csv,larsoner,2991,TRUE,Merged,NA,NA
scipy_scipy.csv,lesteve,4147,TRUE,Closed,NA,NA
scipy_scipy.csv,lhilt,6400,TRUE,Merged,NA,NA
scipy_scipy.csv,loujine,2791,TRUE,Merged,NA,NA
scipy_scipy.csv,luzpaz,8090,TRUE,Merged,NA,NA
scipy_scipy.csv,madphysicist,5806,TRUE,Merged,NA,NA
scipy_scipy.csv,maniteja123,4413,TRUE,Merged,NA,NA
scipy_scipy.csv,MartinThoma,7246,TRUE,Merged,NA,NA
scipy_scipy.csv,matthew-brett,3862,TRUE,Merged,NA,NA
scipy_scipy.csv,mdhaber,7120,TRUE,Merged,NA,NA
scipy_scipy.csv,mherkazandjian,6716,TRUE,Merged,NA,NA
scipy_scipy.csv,migueldvb,9021,TRUE,Merged,NA,NA
scipy_scipy.csv,mikofski,8414,TRUE,Open,NA,NA
scipy_scipy.csv,mirca,5863,TRUE,Merged,NA,NA
scipy_scipy.csv,mohmmadd,8817,TRUE,Merged,NA,NA
scipy_scipy.csv,mortonjt,4439,TRUE,Merged,NA,NA
scipy_scipy.csv,mp4096,6505,TRUE,Merged,NA,NA
scipy_scipy.csv,Newman101,4809,TRUE,Merged,NA,NA
scipy_scipy.csv,nils-werner,6895,TRUE,Closed,NA,NA
scipy_scipy.csv,nmayorov,4542,TRUE,Merged,NA,NA
scipy_scipy.csv,nonhermitian,6457,TRUE,Merged,NA,NA
scipy_scipy.csv,NULL,2940,TRUE,Merged,NA,NA
scipy_scipy.csv,ogrisel,3468,TRUE,Merged,NA,NA
scipy_scipy.csv,otizonaizit,3936,TRUE,Merged,NA,NA
scipy_scipy.csv,pasky,3320,TRUE,Merged,NA,NA
scipy_scipy.csv,pbrod,6241,TRUE,Merged,NA,NA
scipy_scipy.csv,pdebuyl,2788,TRUE,Merged,NA,NA
scipy_scipy.csv,perimosocordiae,3055,TRUE,Merged,NA,NA
scipy_scipy.csv,person142,5556,TRUE,Merged,NA,NA
scipy_scipy.csv,philipdeboer,8186,TRUE,Merged,NA,NA
scipy_scipy.csv,proinsias,5602,TRUE,Merged,NA,NA
scipy_scipy.csv,pv,2778,TRUE,Merged,NA,NA
scipy_scipy.csv,pvanmulbregt,7424,TRUE,Closed,NA,NA
scipy_scipy.csv,rafalalgo,8937,TRUE,Merged,NA,NA
scipy_scipy.csv,rainwoodman,5645,TRUE,Merged,NA,NA
scipy_scipy.csv,raoulbq,3984,TRUE,Merged,NA,NA
scipy_scipy.csv,rc,6084,TRUE,Closed,NA,NA
scipy_scipy.csv,rgommers,2801,TRUE,Merged,NA,NA
scipy_scipy.csv,richardtsai,3039,TRUE,Merged,NA,NA
scipy_scipy.csv,rmcgibbo,3632,TRUE,Merged,NA,NA
scipy_scipy.csv,samyak0210,8437,TRUE,Merged,NA,NA
scipy_scipy.csv,sciunto,8785,TRUE,Merged,NA,NA
scipy_scipy.csv,sgubianpm,8201,TRUE,Merged,NA,NA
scipy_scipy.csv,shaunagm,3180,TRUE,Merged,NA,NA
scipy_scipy.csv,sieben,5465,TRUE,Merged,NA,NA
scipy_scipy.csv,simongibbons,5876,TRUE,Merged,NA,NA
scipy_scipy.csv,smopucilowski,6465,TRUE,Merged,NA,NA
scipy_scipy.csv,souravsingh,5931,TRUE,Merged,NA,NA
scipy_scipy.csv,sriki18,6591,TRUE,Closed,NA,NA
scipy_scipy.csv,stefanv,4890,TRUE,Merged,NA,NA
scipy_scipy.csv,stsievert,5606,TRUE,Merged,NA,NA
scipy_scipy.csv,sturlamolden,4104,TRUE,Closed,NA,NA
scipy_scipy.csv,tacaswell,3061,TRUE,Closed,NA,NA
scipy_scipy.csv,thomaskeck,6793,TRUE,Merged,NA,NA
scipy_scipy.csv,timcera,6293,TRUE,Merged,NA,NA
scipy_scipy.csv,Tokixix,8296,TRUE,Merged,NA,NA
scipy_scipy.csv,tpudlik,5394,TRUE,Merged,NA,NA
scipy_scipy.csv,tylerjereddy,6680,TRUE,Merged,NA,NA
scipy_scipy.csv,venthur,3921,TRUE,Closed,NA,NA
scipy_scipy.csv,vigna,5749,TRUE,Merged,NA,NA
scipy_scipy.csv,vyasr,9024,TRUE,Open,NA,NA
scipy_scipy.csv,WarrenWeckesser,2800,TRUE,Closed,NA,NA
scipy_scipy.csv,woodscn,3827,TRUE,Merged,NA,NA
scipy_scipy.csv,ZacDiggum,6887,TRUE,Open,NA,NA
scipy_scipy.csv,zerothi,5267,TRUE,Merged,NA,NA
WhisperSystems_Signal-iOS.csv,abolishme,423,TRUE,Merged,NA,NA
WhisperSystems_Signal-iOS.csv,big-r81,841,TRUE,Closed,NA,NA
WhisperSystems_Signal-iOS.csv,charlesmchen,1600,TRUE,Merged,NA,NA
WhisperSystems_Signal-iOS.csv,charlesmchen-signal,3240,TRUE,Closed,NA,NA
WhisperSystems_Signal-iOS.csv,christophhagen,1798,TRUE,Merged,NA,NA
WhisperSystems_Signal-iOS.csv,corbett,422,TRUE,Merged,NA,NA
WhisperSystems_Signal-iOS.csv,FredericJacobs,513,TRUE,Closed,NA,NA
WhisperSystems_Signal-iOS.csv,jackflips,735,TRUE,Closed,NA,NA
WhisperSystems_Signal-iOS.csv,joyceyan,411,TRUE,Merged,NA,NA
WhisperSystems_Signal-iOS.csv,michaelkirk,1105,TRUE,Merged,NA,NA
WhisperSystems_Signal-iOS.csv,michaelkirk-signal,3230,TRUE,Merged,NA,NA
WhisperSystems_Signal-iOS.csv,NULL,3930,TRUE,Open,NA,NA
WhisperSystems_Signal-iOS.csv,shibacomputer,518,TRUE,Closed,NA,NA
D-Programming-Language_dmd.csv,9il,3991,TRUE,Merged,NA,NA
D-Programming-Language_dmd.csv,9rnsr,29,TRUE,Merged,NA,NA
D-Programming-Language_dmd.csv,adamdruppe,769,TRUE,Closed,NA,NA
D-Programming-Language_dmd.csv,aG0aep6G,4861,TRUE,Merged,NA,NA
D-Programming-Language_dmd.csv,alexrp,489,TRUE,Closed,NA,NA
D-Programming-Language_dmd.csv,andralex,1428,TRUE,Closed,NA,NA
D-Programming-Language_dmd.csv,AndrejMitrovic,5185,TRUE,Merged,NA,NA
D-Programming-Language_dmd.csv,AndrewEdwards,3764,TRUE,Merged,NA,NA
D-Programming-Language_dmd.csv,andron,3594,TRUE,Merged,NA,NA
D-Programming-Language_dmd.csv,atilaneves,7760,TRUE,Merged,NA,NA
D-Programming-Language_dmd.csv,BBasile,5915,TRUE,Merged,NA,NA
D-Programming-Language_dmd.csv,belm0,961,TRUE,Merged,NA,NA
D-Programming-Language_dmd.csv,brad-anderson,3430,TRUE,Merged,NA,NA
D-Programming-Language_dmd.csv,braddr,27,TRUE,Merged,NA,NA
D-Programming-Language_dmd.csv,carlor,1177,TRUE,Merged,NA,NA
D-Programming-Language_dmd.csv,Cauterite,5243,TRUE,Closed,NA,NA
D-Programming-Language_dmd.csv,ckamm,189,TRUE,Merged,NA,NA
D-Programming-Language_dmd.csv,complexmath,3,TRUE,Closed,NA,NA
D-Programming-Language_dmd.csv,CyberShadow,330,TRUE,Merged,NA,NA
D-Programming-Language_dmd.csv,denis-sh,1123,TRUE,Merged,NA,NA
D-Programming-Language_dmd.csv,dgileadi,7763,TRUE,Merged,NA,NA
D-Programming-Language_dmd.csv,dheld,958,TRUE,Merged,NA,NA
D-Programming-Language_dmd.csv,donc,8,TRUE,Closed,NA,NA
D-Programming-Language_dmd.csv,dsimcha,327,TRUE,Merged,NA,NA
D-Programming-Language_dmd.csv,FeepingCreature,8012,TRUE,Merged,NA,NA
D-Programming-Language_dmd.csv,gchatelet,5469,TRUE,Merged,NA,NA
D-Programming-Language_dmd.csv,Geod24,3549,TRUE,Merged,NA,NA
D-Programming-Language_dmd.csv,ghost,1149,TRUE,Merged,NA,NA
D-Programming-Language_dmd.csv,glycerine,1793,TRUE,Closed,NA,NA
D-Programming-Language_dmd.csv,Govelius,53,TRUE,Merged,NA,NA
D-Programming-Language_dmd.csv,hpohl,1970,TRUE,Merged,NA,NA
D-Programming-Language_dmd.csv,ibuclaw,1,TRUE,Merged,NA,NA
D-Programming-Language_dmd.csv,IgorStepanov,1723,TRUE,Merged,NA,NA
D-Programming-Language_dmd.csv,jacob-carlborg,562,TRUE,Merged,NA,NA
D-Programming-Language_dmd.csv,jasonbking,3685,TRUE,Merged,NA,NA
D-Programming-Language_dmd.csv,JinShil,7605,TRUE,Merged,NA,NA
D-Programming-Language_dmd.csv,jmaschme,950,TRUE,Closed,NA,NA
D-Programming-Language_dmd.csv,jmdavis,305,TRUE,Merged,NA,NA
D-Programming-Language_dmd.csv,joakim-noah,3642,TRUE,Merged,NA,NA
D-Programming-Language_dmd.csv,JohanEngelen,5342,TRUE,Merged,NA,NA
D-Programming-Language_dmd.csv,John-Colvin,5170,TRUE,Merged,NA,NA
D-Programming-Language_dmd.csv,jpf91,1127,TRUE,Merged,NA,NA
D-Programming-Language_dmd.csv,kennytm,81,TRUE,Merged,NA,NA
D-Programming-Language_dmd.csv,kinke,4869,TRUE,Merged,NA,NA
D-Programming-Language_dmd.csv,klickverbot,9,TRUE,Merged,NA,NA
D-Programming-Language_dmd.csv,kubo39,8395,TRUE,Merged,NA,NA
D-Programming-Language_dmd.csv,leandro-lucarella-sociomantic,1286,TRUE,Merged,NA,NA
D-Programming-Language_dmd.csv,LemonBoy,7993,TRUE,Merged,NA,NA
D-Programming-Language_dmd.csv,LightBender,910,TRUE,Merged,NA,NA
D-Programming-Language_dmd.csv,lionello,1911,TRUE,Merged,NA,NA
D-Programming-Language_dmd.csv,llucax,496,TRUE,Merged,NA,NA
D-Programming-Language_dmd.csv,luismarques,4987,TRUE,Merged,NA,NA
D-Programming-Language_dmd.csv,marler8997,5973,TRUE,Merged,NA,NA
D-Programming-Language_dmd.csv,MartinNowak,17,TRUE,Closed,NA,NA
D-Programming-Language_dmd.csv,mathias-lang-sociomantic,5361,TRUE,Merged,NA,NA
D-Programming-Language_dmd.csv,MetaLang,4867,TRUE,Closed,NA,NA
D-Programming-Language_dmd.csv,michelf,234,TRUE,Closed,NA,NA
D-Programming-Language_dmd.csv,mihails-strasuns,1881,TRUE,Merged,NA,NA
D-Programming-Language_dmd.csv,mihails-strasuns-sociomantic,3829,TRUE,Merged,NA,NA
D-Programming-Language_dmd.csv,mleise,275,TRUE,Merged,NA,NA
D-Programming-Language_dmd.csv,mrmonday,74,TRUE,Closed,NA,NA
D-Programming-Language_dmd.csv,nemanja-boric-sociomantic,4199,TRUE,Closed,NA,NA
D-Programming-Language_dmd.csv,NilsBossung,994,TRUE,Merged,NA,NA
D-Programming-Language_dmd.csv,nordlow,3342,TRUE,Merged,NA,NA
D-Programming-Language_dmd.csv,ntrel,1173,TRUE,Merged,NA,NA
D-Programming-Language_dmd.csv,NULL,135,TRUE,Closed,NA,NA
D-Programming-Language_dmd.csv,Orvid,3414,TRUE,Merged,NA,NA
D-Programming-Language_dmd.csv,Passw,5579,TRUE,Merged,NA,NA
D-Programming-Language_dmd.csv,Poita,162,TRUE,Closed,NA,NA
D-Programming-Language_dmd.csv,qchikara,5331,TRUE,Merged,NA,NA
D-Programming-Language_dmd.csv,quickfur,3690,TRUE,Merged,NA,NA
D-Programming-Language_dmd.csv,rainers,256,TRUE,Merged,NA,NA
D-Programming-Language_dmd.csv,RazvanN7,7683,TRUE,Merged,NA,NA
D-Programming-Language_dmd.csv,redstar,1121,TRUE,Merged,NA,NA
D-Programming-Language_dmd.csv,Safety0ff,743,TRUE,Merged,NA,NA
D-Programming-Language_dmd.csv,schuetzm,3286,TRUE,Merged,NA,NA
D-Programming-Language_dmd.csv,schveiguy,8221,TRUE,Merged,NA,NA
D-Programming-Language_dmd.csv,smolt,5230,TRUE,Closed,NA,NA
D-Programming-Language_dmd.csv,somzzz,7897,TRUE,Merged,NA,NA
D-Programming-Language_dmd.csv,tgehr,371,TRUE,Merged,NA,NA
D-Programming-Language_dmd.csv,thewilsonator,7986,TRUE,Closed,NA,NA
D-Programming-Language_dmd.csv,timotheecour,7810,TRUE,Merged,NA,NA
D-Programming-Language_dmd.csv,tramker,4062,TRUE,Merged,NA,NA
D-Programming-Language_dmd.csv,Trass3r,4091,TRUE,Merged,NA,NA
D-Programming-Language_dmd.csv,tsbockman,5222,TRUE,Merged,NA,NA
D-Programming-Language_dmd.csv,TurkeyMan,1073,TRUE,Closed,NA,NA
D-Programming-Language_dmd.csv,UplinkCoder,5852,TRUE,Merged,NA,NA
D-Programming-Language_dmd.csv,WalterBright,1440,TRUE,Merged,NA,NA
D-Programming-Language_dmd.csv,wilzbach,5805,TRUE,Merged,NA,NA
D-Programming-Language_dmd.csv,yebblies,87,TRUE,Merged,NA,NA
D-Programming-Language_dmd.csv,yglukhov,3546,TRUE,Merged,NA,NA
D-Programming-Language_dmd.csv,yshui,8360,TRUE,Merged,NA,NA
D-Programming-Language_dmd.csv,ZombineDev,5212,TRUE,Merged,NA,NA
HuiLi_Sqlite3.07.14.csv,carolchao,426,TRUE,Merged,NA,NA
HuiLi_Sqlite3.07.14.csv,Kayjerry,411,TRUE,Merged,NA,NA
HuiLi_Sqlite3.07.14.csv,PengJi,449,TRUE,Merged,NA,NA
linuxmint_Cinnamon.csv,AlbertJP,1000,TRUE,Merged,NA,NA
linuxmint_Cinnamon.csv,autarkper,1185,TRUE,Merged,NA,NA
linuxmint_Cinnamon.csv,besser82,7077,TRUE,Merged,NA,NA
linuxmint_Cinnamon.csv,brownsr,6788,TRUE,Merged,NA,NA
linuxmint_Cinnamon.csv,City-busz,2572,TRUE,Merged,NA,NA
linuxmint_Cinnamon.csv,collinss,2275,TRUE,Merged,NA,NA
linuxmint_Cinnamon.csv,dalcde,4577,TRUE,Merged,NA,NA
linuxmint_Cinnamon.csv,Fantu,7482,TRUE,Merged,NA,NA
linuxmint_Cinnamon.csv,joequant,1449,TRUE,Merged,NA,NA
linuxmint_Cinnamon.csv,JosephMcc,4431,TRUE,Merged,NA,NA
linuxmint_Cinnamon.csv,leigh123linux,2425,TRUE,Merged,NA,NA
linuxmint_Cinnamon.csv,mtwebster,1917,TRUE,Merged,NA,NA
linuxmint_Cinnamon.csv,NikoKrause,6013,TRUE,Closed,NA,NA
linuxmint_Cinnamon.csv,RavetcoFX,2931,TRUE,Closed,NA,NA
linuxmint_Cinnamon.csv,wrouesnel,1343,TRUE,Merged,NA,NA
mapserver_mapserver.csv,AlexanderGabriel,5615,TRUE,Merged,NA,NA
mapserver_mapserver.csv,cnieman,4839,TRUE,Merged,NA,NA
mapserver_mapserver.csv,constantinius,4896,TRUE,Merged,NA,NA
mapserver_mapserver.csv,dmorissette,5479,TRUE,Closed,NA,NA
mapserver_mapserver.csv,fblackburn,4898,TRUE,Closed,NA,NA
mapserver_mapserver.csv,geographika,5261,TRUE,Closed,NA,NA
mapserver_mapserver.csv,gogglesguy,5327,TRUE,Closed,NA,NA
mapserver_mapserver.csv,homme,4409,TRUE,Closed,NA,NA
mapserver_mapserver.csv,jlarouche,4538,TRUE,Merged,NA,NA
mapserver_mapserver.csv,luipir,4698,TRUE,Merged,NA,NA
mapserver_mapserver.csv,micking,5457,TRUE,Merged,NA,NA
mapserver_mapserver.csv,mkofahl,4614,TRUE,Merged,NA,NA
mapserver_mapserver.csv,msmitherdc,5207,TRUE,Closed,NA,NA
mapserver_mapserver.csv,olt,5460,TRUE,Closed,NA,NA
mapserver_mapserver.csv,pmauduit,5371,TRUE,Closed,NA,NA
mapserver_mapserver.csv,rouault,4670,TRUE,Closed,NA,NA
mapserver_mapserver.csv,Schpidi,4471,TRUE,Merged,NA,NA
mapserver_mapserver.csv,szekerest,4817,TRUE,Closed,NA,NA
mapserver_mapserver.csv,tbonfort,4313,TRUE,Merged,NA,NA
mapserver_mapserver.csv,tomkralidis,5684,TRUE,Merged,NA,NA
mapserver_mapserver.csv,unicolet,4728,TRUE,Merged,NA,NA
mapserver_mapserver.csv,yjacolin,5530,TRUE,Merged,NA,NA
mruby_mruby.csv,3miliano,1556,TRUE,Closed,NA,NA
mruby_mruby.csv,akiray03,598,TRUE,Merged,NA,NA
mruby_mruby.csv,akuroda,1626,TRUE,Merged,NA,NA
mruby_mruby.csv,animalsiknow,2716,TRUE,Merged,NA,NA
mruby_mruby.csv,archSeer,1435,TRUE,Merged,NA,NA
mruby_mruby.csv,asfluido,3827,TRUE,Merged,NA,NA
mruby_mruby.csv,Asmod4n,2953,TRUE,Merged,NA,NA
mruby_mruby.csv,authorNari,677,TRUE,Merged,NA,NA
mruby_mruby.csv,bamchoh,3874,TRUE,Merged,NA,NA
mruby_mruby.csv,beoran,483,TRUE,Merged,NA,NA
mruby_mruby.csv,bggd,1605,TRUE,Merged,NA,NA
mruby_mruby.csv,bouk,3255,TRUE,Merged,NA,NA
mruby_mruby.csv,bovi,456,TRUE,Merged,NA,NA
mruby_mruby.csv,brainopia,839,TRUE,Merged,NA,NA
mruby_mruby.csv,carsonmcdonald,847,TRUE,Merged,NA,NA
mruby_mruby.csv,chasonr,2500,TRUE,Open,NA,NA
mruby_mruby.csv,christopheraue,3739,TRUE,Merged,NA,NA
mruby_mruby.csv,clayton-shopify,3303,TRUE,Merged,NA,NA
mruby_mruby.csv,cremno,761,TRUE,Merged,NA,NA
mruby_mruby.csv,crimsonwoods,1025,TRUE,Merged,NA,NA
mruby_mruby.csv,cubicdaiya,1622,TRUE,Closed,NA,NA
mruby_mruby.csv,dabroz,3234,TRUE,Merged,NA,NA
mruby_mruby.csv,dearblue,4110,TRUE,Merged,NA,NA
mruby_mruby.csv,dycoon,2521,TRUE,Merged,NA,NA
mruby_mruby.csv,felixjones,3207,TRUE,Merged,NA,NA
mruby_mruby.csv,Fleurer,1396,TRUE,Merged,NA,NA
mruby_mruby.csv,furunkel,2763,TRUE,Closed,NA,NA
mruby_mruby.csv,ghost,458,TRUE,Merged,NA,NA
mruby_mruby.csv,gzohari,1129,TRUE,Closed,NA,NA
mruby_mruby.csv,h2so5,1144,TRUE,Merged,NA,NA
mruby_mruby.csv,hone,2849,TRUE,Merged,NA,NA
mruby_mruby.csv,i110,4023,TRUE,Merged,NA,NA
mruby_mruby.csv,kano4,991,TRUE,Merged,NA,NA
mruby_mruby.csv,kazuho,3324,TRUE,Merged,NA,NA
mruby_mruby.csv,keizo042,3544,TRUE,Merged,NA,NA
mruby_mruby.csv,kext,2834,TRUE,Merged,NA,NA
mruby_mruby.csv,kimushu,1265,TRUE,Merged,NA,NA
mruby_mruby.csv,kou,2520,TRUE,Merged,NA,NA
mruby_mruby.csv,ksss,1749,TRUE,Merged,NA,NA
mruby_mruby.csv,ktaobo,1505,TRUE,Merged,NA,NA
mruby_mruby.csv,kyab,1282,TRUE,Merged,NA,NA
mruby_mruby.csv,masamitsu-murase,605,TRUE,Closed,NA,NA
mruby_mruby.csv,masuidrive,485,TRUE,Merged,NA,NA
mruby_mruby.csv,matsumotory,655,TRUE,Merged,NA,NA
mruby_mruby.csv,mattn,671,TRUE,Merged,NA,NA
mruby_mruby.csv,Mav7,2814,TRUE,Merged,NA,NA
mruby_mruby.csv,mimaki,2300,TRUE,Merged,NA,NA
mruby_mruby.csv,mirichi,1348,TRUE,Merged,NA,NA
mruby_mruby.csv,miura1729,2256,TRUE,Merged,NA,NA
mruby_mruby.csv,monaka,473,TRUE,Merged,NA,NA
mruby_mruby.csv,mrbrdo,2579,TRUE,Open,NA,NA
mruby_mruby.csv,murasesyuka,2663,TRUE,Merged,NA,NA
mruby_mruby.csv,nkshigeru,863,TRUE,Merged,NA,NA
mruby_mruby.csv,nobu,2096,TRUE,Merged,NA,NA
mruby_mruby.csv,NULL,601,TRUE,Closed,NA,NA
mruby_mruby.csv,nyuichi,1512,TRUE,Merged,NA,NA
mruby_mruby.csv,okkez,3552,TRUE,Merged,NA,NA
mruby_mruby.csv,pbosetti,1654,TRUE,Merged,NA,NA
mruby_mruby.csv,SatoshiOdawara,2598,TRUE,Merged,NA,NA
mruby_mruby.csv,scalone,2163,TRUE,Merged,NA,NA
mruby_mruby.csv,schmurfy,1509,TRUE,Merged,NA,NA
mruby_mruby.csv,sdottaka,2640,TRUE,Merged,NA,NA
mruby_mruby.csv,selman,634,TRUE,Merged,NA,NA
mruby_mruby.csv,skandhas,522,TRUE,Merged,NA,NA
mruby_mruby.csv,sogabe,492,TRUE,Closed,NA,NA
mruby_mruby.csv,stomar,1893,TRUE,Merged,NA,NA
mruby_mruby.csv,suzukaze,1331,TRUE,Merged,NA,NA
mruby_mruby.csv,takahashim,1560,TRUE,Merged,NA,NA
mruby_mruby.csv,take-cheeze,1494,TRUE,Closed,NA,NA
mruby_mruby.csv,takkaw,1012,TRUE,Closed,NA,NA
mruby_mruby.csv,tatsuhiro-t,2975,TRUE,Merged,NA,NA
mruby_mruby.csv,tsahara,1790,TRUE,Merged,NA,NA
mruby_mruby.csv,ukrainskiysergey,3852,TRUE,Merged,NA,NA
mruby_mruby.csv,unak,1823,TRUE,Merged,NA,NA
mruby_mruby.csv,xxuejie,563,TRUE,Merged,NA,NA
mruby_mruby.csv,yasuyuki,2973,TRUE,Merged,NA,NA
mruby_mruby.csv,yui-knk,2190,TRUE,Merged,NA,NA
mruby_mruby.csv,yurie,4067,TRUE,Merged,NA,NA
mruby_mruby.csv,yyamano,3623,TRUE,Merged,NA,NA
mruby_mruby.csv,zzak,2914,TRUE,Closed,NA,NA
neovim_neovim.csv,acferreir4,7466,TRUE,Open,NA,NA
neovim_neovim.csv,akkartik,1322,TRUE,Closed,NA,NA
neovim_neovim.csv,aktau,775,TRUE,Merged,NA,NA
neovim_neovim.csv,alexgenco,4409,TRUE,Merged,NA,NA
neovim_neovim.csv,atwupack,967,TRUE,Closed,NA,NA
neovim_neovim.csv,bambu,4821,TRUE,Merged,NA,NA
neovim_neovim.csv,bfredl,950,TRUE,Merged,NA,NA
neovim_neovim.csv,blueyed,2737,TRUE,Closed,NA,NA
neovim_neovim.csv,bobtwinkles,2148,TRUE,Closed,NA,NA
neovim_neovim.csv,brcolow,3918,TRUE,Merged,NA,NA
neovim_neovim.csv,b-r-o-c-k,8081,TRUE,Closed,NA,NA
neovim_neovim.csv,buztard,2536,TRUE,Closed,NA,NA
neovim_neovim.csv,carloabelli,6440,TRUE,Closed,NA,NA
neovim_neovim.csv,cepko33,1287,TRUE,Closed,NA,NA
neovim_neovim.csv,chemzqm,5666,TRUE,Merged,NA,NA
neovim_neovim.csv,choco,3309,TRUE,Merged,NA,NA
neovim_neovim.csv,cjoach,3687,TRUE,Merged,NA,NA
neovim_neovim.csv,ckelsel,7007,TRUE,Merged,NA,NA
neovim_neovim.csv,concatime,6827,TRUE,Merged,NA,NA
neovim_neovim.csv,cztchoice,3041,TRUE,Merged,NA,NA
neovim_neovim.csv,danishprakash,8013,TRUE,Closed,NA,NA
neovim_neovim.csv,DarkDeepBlue,5829,TRUE,Closed,NA,NA
neovim_neovim.csv,DarkDefender,4273,TRUE,Merged,NA,NA
neovim_neovim.csv,davidzchen,314,TRUE,Closed,NA,NA
neovim_neovim.csv,dbarnett,4583,TRUE,Merged,NA,NA
neovim_neovim.csv,deathlyfrantic,7864,TRUE,Merged,NA,NA
neovim_neovim.csv,diegoviola,4198,TRUE,Merged,NA,NA
neovim_neovim.csv,dimbleby,8612,TRUE,Merged,NA,NA
neovim_neovim.csv,dmerejkowsky,3365,TRUE,Merged,NA,NA
neovim_neovim.csv,dougschneider,737,TRUE,Merged,NA,NA
neovim_neovim.csv,dzhou121,6167,TRUE,Merged,NA,NA
neovim_neovim.csv,e-kwsm,7336,TRUE,Closed,NA,NA
neovim_neovim.csv,elmart,655,TRUE,Merged,NA,NA
neovim_neovim.csv,epmatsw,833,TRUE,Closed,NA,NA
neovim_neovim.csv,equal-l2,5694,TRUE,Closed,NA,NA
neovim_neovim.csv,equalsraf,919,TRUE,Merged,NA,NA
neovim_neovim.csv,erw7,6486,TRUE,Merged,NA,NA
neovim_neovim.csv,euclio,6680,TRUE,Merged,NA,NA
neovim_neovim.csv,FlorianGit,7692,TRUE,Merged,NA,NA
neovim_neovim.csv,florolf,7675,TRUE,Merged,NA,NA
neovim_neovim.csv,fmoralesc,1217,TRUE,Closed,NA,NA
neovim_neovim.csv,fornwall,1019,TRUE,Merged,NA,NA
neovim_neovim.csv,FriedSock,6294,TRUE,Merged,NA,NA
neovim_neovim.csv,fwalch,982,TRUE,Closed,NA,NA
neovim_neovim.csv,geekodour,8003,TRUE,Merged,NA,NA
neovim_neovim.csv,ghost,241,TRUE,Closed,NA,NA
neovim_neovim.csv,glindste,2073,TRUE,Merged,NA,NA
neovim_neovim.csv,glts,2218,TRUE,Closed,NA,NA
neovim_neovim.csv,gregorias,4588,TRUE,Merged,NA,NA
neovim_neovim.csv,grtlr,2513,TRUE,Closed,NA,NA
neovim_neovim.csv,hardenedapple,5983,TRUE,Merged,NA,NA
neovim_neovim.csv,harsh1kumar,691,TRUE,Merged,NA,NA
neovim_neovim.csv,Hettomei,2427,TRUE,Merged,NA,NA
neovim_neovim.csv,Hinidu,491,TRUE,Closed,NA,NA
neovim_neovim.csv,HiPhish,4649,TRUE,Merged,NA,NA
neovim_neovim.csv,h-michael,5111,TRUE,Closed,NA,NA
neovim_neovim.csv,ilAYAli,4270,TRUE,Open,NA,NA
neovim_neovim.csv,impo,6219,TRUE,Merged,NA,NA
neovim_neovim.csv,iperry,2178,TRUE,Closed,NA,NA
neovim_neovim.csv,JackDanger,1835,TRUE,Closed,NA,NA
neovim_neovim.csv,jalvesaq,2320,TRUE,Merged,NA,NA
neovim_neovim.csv,jamessan,4489,TRUE,Closed,NA,NA
neovim_neovim.csv,janlazo,7349,TRUE,Merged,NA,NA
neovim_neovim.csv,javian,6597,TRUE,Merged,NA,NA
neovim_neovim.csv,jbradaric,4010,TRUE,Merged,NA,NA
neovim_neovim.csv,jck,480,TRUE,Closed,NA,NA
neovim_neovim.csv,jdebp,6790,TRUE,Merged,NA,NA
neovim_neovim.csv,jeffwidman,1318,TRUE,Closed,NA,NA
neovim_neovim.csv,jinnovation,1454,TRUE,Merged,NA,NA
neovim_neovim.csv,johanhelsing,3431,TRUE,Merged,NA,NA
neovim_neovim.csv,jonaias,1717,TRUE,Closed,NA,NA
neovim_neovim.csv,josephholsten,1231,TRUE,Closed,NA,NA
neovim_neovim.csv,joshtriplett,5058,TRUE,Merged,NA,NA
neovim_neovim.csv,jszakmeister,313,TRUE,Closed,NA,NA
neovim_neovim.csv,Jun-T,4220,TRUE,Merged,NA,NA
neovim_neovim.csv,jusga,4013,TRUE,Merged,NA,NA
neovim_neovim.csv,justinmk,444,TRUE,Merged,NA,NA
neovim_neovim.csv,KarboniteKream,641,TRUE,Closed,NA,NA
neovim_neovim.csv,KillTheMule,4563,TRUE,Merged,NA,NA
neovim_neovim.csv,klusark,661,TRUE,Merged,NA,NA
neovim_neovim.csv,kranki,5189,TRUE,Open,NA,NA
neovim_neovim.csv,llorens,7344,TRUE,Closed,NA,NA
neovim_neovim.csv,lokesh1197,8187,TRUE,Open,NA,NA
neovim_neovim.csv,lonerover,5814,TRUE,Closed,NA,NA
neovim_neovim.csv,lslah,307,TRUE,Closed,NA,NA
neovim_neovim.csv,lucc,2692,TRUE,Closed,NA,NA
neovim_neovim.csv,lyuts,3982,TRUE,Merged,NA,NA
neovim_neovim.csv,mahkoh,295,TRUE,Closed,NA,NA
neovim_neovim.csv,marvim,7821,TRUE,Merged,NA,NA
neovim_neovim.csv,matthiasbeyer,624,TRUE,Closed,NA,NA
neovim_neovim.csv,mbainter,2374,TRUE,Merged,NA,NA
neovim_neovim.csv,metrix78,855,TRUE,Closed,NA,NA
neovim_neovim.csv,mhinz,526,TRUE,Closed,NA,NA
neovim_neovim.csv,MichaHoffmann,8650,TRUE,Merged,NA,NA
neovim_neovim.csv,mqudsi,7328,TRUE,Merged,NA,NA
neovim_neovim.csv,mrbiggfoot,8183,TRUE,Merged,NA,NA
neovim_neovim.csv,msva,7234,TRUE,Merged,NA,NA
neovim_neovim.csv,mtayler,375,TRUE,Closed,NA,NA
neovim_neovim.csv,munyari,4515,TRUE,Closed,NA,NA
neovim_neovim.csv,nateozem,7188,TRUE,Merged,NA,NA
neovim_neovim.csv,nelstrom,6320,TRUE,Merged,NA,NA
neovim_neovim.csv,nelsyeung,2844,TRUE,Merged,NA,NA
neovim_neovim.csv,nhooyr,4446,TRUE,Closed,NA,NA
neovim_neovim.csv,nhynes,2792,TRUE,Closed,NA,NA
neovim_neovim.csv,nicdumz,4117,TRUE,Merged,NA,NA
neovim_neovim.csv,nimitbhardwaj,8080,TRUE,Closed,NA,NA
neovim_neovim.csv,NOLFXceptMe,1175,TRUE,Merged,NA,NA
neovim_neovim.csv,nono,9095,TRUE,Merged,NA,NA
neovim_neovim.csv,NULL,828,TRUE,Closed,NA,NA
neovim_neovim.csv,oni-link,321,TRUE,Merged,NA,NA
neovim_neovim.csv,patricksjackson,5409,TRUE,Merged,NA,NA
neovim_neovim.csv,phanimahesh,5543,TRUE,Merged,NA,NA
neovim_neovim.csv,philix,290,TRUE,Closed,NA,NA
neovim_neovim.csv,phodge,8605,TRUE,Open,NA,NA
neovim_neovim.csv,prollings,4985,TRUE,Closed,NA,NA
neovim_neovim.csv,pvinis,2346,TRUE,Merged,NA,NA
neovim_neovim.csv,raichoo,6232,TRUE,Merged,NA,NA
neovim_neovim.csv,relnod,6395,TRUE,Merged,NA,NA
neovim_neovim.csv,rogual,2990,TRUE,Closed,NA,NA
neovim_neovim.csv,romgrk,5027,TRUE,Open,NA,NA
neovim_neovim.csv,sach1t,4872,TRUE,Merged,NA,NA
neovim_neovim.csv,saep,2975,TRUE,Closed,NA,NA
neovim_neovim.csv,sakhnik,5339,TRUE,Merged,NA,NA
neovim_neovim.csv,sander2,6142,TRUE,Merged,NA,NA
neovim_neovim.csv,schmee,363,TRUE,Closed,NA,NA
neovim_neovim.csv,sethjackson,3215,TRUE,Merged,NA,NA
neovim_neovim.csv,shotat,4860,TRUE,Merged,NA,NA
neovim_neovim.csv,Shougo,1182,TRUE,Merged,NA,NA
neovim_neovim.csv,simendsjo,229,TRUE,Closed,NA,NA
neovim_neovim.csv,simonweil,5025,TRUE,Merged,NA,NA
neovim_neovim.csv,sohnryang,7960,TRUE,Merged,NA,NA
neovim_neovim.csv,splinterofchaos,951,TRUE,Merged,NA,NA
neovim_neovim.csv,stefan991,264,TRUE,Closed,NA,NA
neovim_neovim.csv,steveno,1547,TRUE,Merged,NA,NA
neovim_neovim.csv,tarruda,320,TRUE,Closed,NA,NA
neovim_neovim.csv,teto,5986,TRUE,Closed,NA,NA
neovim_neovim.csv,three-comrades,1520,TRUE,Merged,NA,NA
neovim_neovim.csv,tjdevries,4894,TRUE,Closed,NA,NA
neovim_neovim.csv,tonyo,2117,TRUE,Merged,NA,NA
neovim_neovim.csv,Tranquility,2274,TRUE,Closed,NA,NA
neovim_neovim.csv,tweekmonster,4881,TRUE,Merged,NA,NA
neovim_neovim.csv,UtkarshMe,8421,TRUE,Open,NA,NA
neovim_neovim.csv,vext01,6656,TRUE,Merged,NA,NA
neovim_neovim.csv,vheon,2839,TRUE,Closed,NA,NA
neovim_neovim.csv,wandernauta,3034,TRUE,Merged,NA,NA
neovim_neovim.csv,war1025,1021,TRUE,Closed,NA,NA
neovim_neovim.csv,watiko,3980,TRUE,Merged,NA,NA
neovim_neovim.csv,watk,500,TRUE,Closed,NA,NA
neovim_neovim.csv,wesleywiser,810,TRUE,Closed,NA,NA
neovim_neovim.csv,wsdjeg,5038,TRUE,Merged,NA,NA
neovim_neovim.csv,yagebu,6351,TRUE,Closed,NA,NA
neovim_neovim.csv,zhaozg,7844,TRUE,Merged,NA,NA
neovim_neovim.csv,zhou13,4743,TRUE,Merged,NA,NA
neovim_neovim.csv,ZviRackover,8662,TRUE,Closed,NA,NA
neovim_neovim.csv,ZyX-I,668,TRUE,Closed,NA,NA
numpy_numpy.csv,aarchiba,6195,TRUE,Merged,NA,NA
numpy_numpy.csv,abalkin,4038,TRUE,Merged,NA,NA
numpy_numpy.csv,adeak,9322,TRUE,Merged,NA,NA
numpy_numpy.csv,ahaldane,5453,TRUE,Closed,NA,NA
numpy_numpy.csv,ahjulstad,5548,TRUE,Merged,NA,NA
numpy_numpy.csv,ahmadia,324,TRUE,Merged,NA,NA
numpy_numpy.csv,ahojnnes,4112,TRUE,Merged,NA,NA
numpy_numpy.csv,anntzer,5821,TRUE,Merged,NA,NA
numpy_numpy.csv,apbard,8445,TRUE,Merged,NA,NA
numpy_numpy.csv,argriffing,2907,TRUE,Merged,NA,NA
numpy_numpy.csv,arinkverma,3297,TRUE,Closed,NA,NA
numpy_numpy.csv,astrofrog,482,TRUE,Merged,NA,NA
numpy_numpy.csv,bashtage,9575,TRUE,Merged,NA,NA
numpy_numpy.csv,b-carter,9582,TRUE,Merged,NA,NA
numpy_numpy.csv,behzadnouri,5797,TRUE,Merged,NA,NA
numpy_numpy.csv,bertrand-l,6055,TRUE,Merged,NA,NA
numpy_numpy.csv,bfroehle,352,TRUE,Merged,NA,NA
numpy_numpy.csv,birm,7704,TRUE,Merged,NA,NA
numpy_numpy.csv,blackball,8750,TRUE,Merged,NA,NA
numpy_numpy.csv,bobeldering,9362,TRUE,Merged,NA,NA
numpy_numpy.csv,bryevdv,208,TRUE,Closed,NA,NA
numpy_numpy.csv,cagostino,10743,TRUE,Merged,NA,NA
numpy_numpy.csv,Carreau,8997,TRUE,Merged,NA,NA
numpy_numpy.csv,ceh,12051,TRUE,Merged,NA,NA
numpy_numpy.csv,certik,40,TRUE,Closed,NA,NA
numpy_numpy.csv,cgohlke,226,TRUE,Closed,NA,NA
numpy_numpy.csv,cgwaldman,4089,TRUE,Merged,NA,NA
numpy_numpy.csv,charris,18,TRUE,Closed,NA,NA
numpy_numpy.csv,chatcannon,4039,TRUE,Merged,NA,NA
numpy_numpy.csv,chebee7i,5270,TRUE,Merged,NA,NA
numpy_numpy.csv,chiffa,7351,TRUE,Merged,NA,NA
numpy_numpy.csv,chrisjordansquire,127,TRUE,Closed,NA,NA
numpy_numpy.csv,chunweiyuan,9177,TRUE,Open,NA,NA
numpy_numpy.csv,cournape,2936,TRUE,Merged,NA,NA
numpy_numpy.csv,cowlicks,3522,TRUE,Merged,NA,NA
numpy_numpy.csv,Daetalus,7667,TRUE,Merged,NA,NA
numpy_numpy.csv,ddasilva,4401,TRUE,Merged,NA,NA
numpy_numpy.csv,derrickaw,10391,TRUE,Merged,NA,NA
numpy_numpy.csv,dfreese,4306,TRUE,Merged,NA,NA
numpy_numpy.csv,dgasmith,5483,TRUE,Merged,NA,NA
numpy_numpy.csv,dhermes,8500,TRUE,Merged,NA,NA
numpy_numpy.csv,dhomeier,143,TRUE,Closed,NA,NA
numpy_numpy.csv,dimasad,161,TRUE,Closed,NA,NA
numpy_numpy.csv,dlax,272,TRUE,Merged,NA,NA
numpy_numpy.csv,dongjoon-hyun,7254,TRUE,Merged,NA,NA
numpy_numpy.csv,dwf,187,TRUE,Closed,NA,NA
numpy_numpy.csv,efiring,210,TRUE,Closed,NA,NA
numpy_numpy.csv,embray,5920,TRUE,Merged,NA,NA
numpy_numpy.csv,empeeu,4286,TRUE,Merged,NA,NA
numpy_numpy.csv,endolith,459,TRUE,Merged,NA,NA
numpy_numpy.csv,ericfode,335,TRUE,Closed,NA,NA
numpy_numpy.csv,eric-wieser,7582,TRUE,Closed,NA,NA
numpy_numpy.csv,esc,3798,TRUE,Merged,NA,NA
numpy_numpy.csv,ev-br,6674,TRUE,Merged,NA,NA
numpy_numpy.csv,ewmoore,3136,TRUE,Merged,NA,NA
numpy_numpy.csv,fabianp,14,TRUE,Closed,NA,NA
numpy_numpy.csv,fkbreitl,3590,TRUE,Merged,NA,NA
numpy_numpy.csv,gandalf013,119,TRUE,Closed,NA,NA
numpy_numpy.csv,Garrett-R,5323,TRUE,Closed,NA,NA
numpy_numpy.csv,gdementen,4609,TRUE,Merged,NA,NA
numpy_numpy.csv,gerritholl,6726,TRUE,Merged,NA,NA
numpy_numpy.csv,gfyoung,6822,TRUE,Merged,NA,NA
numpy_numpy.csv,ghost,3007,TRUE,Merged,NA,NA
numpy_numpy.csv,grlee77,5072,TRUE,Merged,NA,NA
numpy_numpy.csv,hameerabbasi,10633,TRUE,Closed,NA,NA
numpy_numpy.csv,hensing,5333,TRUE,Merged,NA,NA
numpy_numpy.csv,hmaarrfk,10381,TRUE,Merged,NA,NA
numpy_numpy.csv,insertinterestingnamehere,6049,TRUE,Merged,NA,NA
numpy_numpy.csv,jaimefrio,4179,TRUE,Merged,NA,NA
numpy_numpy.csv,jakirkham,5577,TRUE,Merged,NA,NA
numpy_numpy.csv,jarl-haggerty,5131,TRUE,Merged,NA,NA
numpy_numpy.csv,jarondl,3828,TRUE,Merged,NA,NA
numpy_numpy.csv,jarrodmillman,9796,TRUE,Merged,NA,NA
numpy_numpy.csv,jayvius,349,TRUE,Merged,NA,NA
numpy_numpy.csv,JDWarner,3328,TRUE,Merged,NA,NA
numpy_numpy.csv,jeffyancey,11771,TRUE,Merged,NA,NA
numpy_numpy.csv,jennystone,4141,TRUE,Merged,NA,NA
numpy_numpy.csv,jjhelmus,3478,TRUE,Closed,NA,NA
numpy_numpy.csv,jnothman,3610,TRUE,Merged,NA,NA
numpy_numpy.csv,jrbourbeau,9545,TRUE,Merged,NA,NA
numpy_numpy.csv,jsalvatier,374,TRUE,Closed,NA,NA
numpy_numpy.csv,J-Sand,8336,TRUE,Merged,NA,NA
numpy_numpy.csv,jseabold,79,TRUE,Closed,NA,NA
numpy_numpy.csv,Juanlu001,2883,TRUE,Merged,NA,NA
numpy_numpy.csv,juliantaylor,2789,TRUE,Merged,NA,NA
numpy_numpy.csv,jzwinck,7743,TRUE,Merged,NA,NA
numpy_numpy.csv,k-kapp,9167,TRUE,Merged,NA,NA
numpy_numpy.csv,lagru,11149,TRUE,Merged,NA,NA
numpy_numpy.csv,larsmans,114,TRUE,Closed,NA,NA
numpy_numpy.csv,lesteve,8441,TRUE,Merged,NA,NA
numpy_numpy.csv,Licht-T,9524,TRUE,Merged,NA,NA
numpy_numpy.csv,longjon,9060,TRUE,Merged,NA,NA
numpy_numpy.csv,luispedro,13,TRUE,Closed,NA,NA
numpy_numpy.csv,luzpaz,10211,TRUE,Merged,NA,NA
numpy_numpy.csv,lzkelley,6547,TRUE,Merged,NA,NA
numpy_numpy.csv,madphysicist,6819,TRUE,Merged,NA,NA
numpy_numpy.csv,maniteja123,5383,TRUE,Merged,NA,NA
numpy_numpy.csv,MartinThoma,4982,TRUE,Merged,NA,NA
numpy_numpy.csv,matheusportela,10425,TRUE,Merged,NA,NA
numpy_numpy.csv,mattharrigan,8153,TRUE,Merged,NA,NA
numpy_numpy.csv,matthew-brett,63,TRUE,Closed,NA,NA
numpy_numpy.csv,mattip,7610,TRUE,Closed,NA,NA
numpy_numpy.csv,mdboom,65,TRUE,Closed,NA,NA
numpy_numpy.csv,mforbes,274,TRUE,Closed,NA,NA
numpy_numpy.csv,mhvk,3905,TRUE,Merged,NA,NA
numpy_numpy.csv,MSeifert04,7275,TRUE,Merged,NA,NA
numpy_numpy.csv,mspacek,3575,TRUE,Merged,NA,NA
numpy_numpy.csv,mwiebe,5,TRUE,Closed,NA,NA
numpy_numpy.csv,mwtoews,10986,TRUE,Merged,NA,NA
numpy_numpy.csv,nils-werner,5263,TRUE,Closed,NA,NA
numpy_numpy.csv,njsmith,280,TRUE,Merged,NA,NA
numpy_numpy.csv,Nodd,3881,TRUE,Merged,NA,NA
numpy_numpy.csv,nouiz,305,TRUE,Merged,NA,NA
numpy_numpy.csv,NULL,99,TRUE,Closed,NA,NA
numpy_numpy.csv,ogrisel,4073,TRUE,Merged,NA,NA
numpy_numpy.csv,oleksandr-pavlyk,8122,TRUE,Merged,NA,NA
numpy_numpy.csv,ozabluda,9905,TRUE,Closed,NA,NA
numpy_numpy.csv,peliot,4208,TRUE,Closed,NA,NA
numpy_numpy.csv,perimosocordiae,5093,TRUE,Closed,NA,NA
numpy_numpy.csv,petetanru,8265,TRUE,Merged,NA,NA
numpy_numpy.csv,philipgura,7373,TRUE,Merged,NA,NA
numpy_numpy.csv,pierreglaser,12089,TRUE,Merged,NA,NA
numpy_numpy.csv,pitrou,5342,TRUE,Merged,NA,NA
numpy_numpy.csv,pizzathief,6312,TRUE,Merged,NA,NA
numpy_numpy.csv,pletnes,123,TRUE,Closed,NA,NA
numpy_numpy.csv,pv,306,TRUE,Merged,NA,NA
numpy_numpy.csv,QuLogic,11710,TRUE,Merged,NA,NA
numpy_numpy.csv,rainwoodman,8026,TRUE,Closed,NA,NA
numpy_numpy.csv,rehassachdeva,7312,TRUE,Closed,NA,NA
numpy_numpy.csv,rgommers,2,TRUE,Merged,NA,NA
numpy_numpy.csv,rherault-insa,6538,TRUE,Merged,NA,NA
numpy_numpy.csv,rkern,64,TRUE,Merged,NA,NA
numpy_numpy.csv,rlamy,367,TRUE,Merged,NA,NA
numpy_numpy.csv,rmcgibbo,5621,TRUE,Merged,NA,NA
numpy_numpy.csv,rnelsonchem,5319,TRUE,Merged,NA,NA
numpy_numpy.csv,rolk,8452,TRUE,Merged,NA,NA
numpy_numpy.csv,rsokl,11217,TRUE,Closed,NA,NA
numpy_numpy.csv,saimn,6733,TRUE,Merged,NA,NA
numpy_numpy.csv,samuelstjean,6214,TRUE,Closed,NA,NA
numpy_numpy.csv,sandrotosi,2869,TRUE,Closed,NA,NA
numpy_numpy.csv,Sankarshan-Mudkavi,4335,TRUE,Closed,NA,NA
numpy_numpy.csv,scottza,3638,TRUE,Merged,NA,NA
numpy_numpy.csv,seberg,419,TRUE,Merged,NA,NA
numpy_numpy.csv,shadchin,8349,TRUE,Merged,NA,NA
numpy_numpy.csv,shitian-ni,9133,TRUE,Merged,NA,NA
numpy_numpy.csv,shoyer,4342,TRUE,Merged,NA,NA
numpy_numpy.csv,sieben,6649,TRUE,Merged,NA,NA
numpy_numpy.csv,simongibbons,5590,TRUE,Merged,NA,NA
numpy_numpy.csv,skwbc,8057,TRUE,Merged,NA,NA
numpy_numpy.csv,solarjoe,8718,TRUE,Merged,NA,NA
numpy_numpy.csv,sotte,5275,TRUE,Closed,NA,NA
numpy_numpy.csv,souravsingh,7099,TRUE,Merged,NA,NA
numpy_numpy.csv,srinivasreddy,9590,TRUE,Merged,NA,NA
numpy_numpy.csv,ssbarnea,7583,TRUE,Closed,NA,NA
numpy_numpy.csv,stefanv,484,TRUE,Merged,NA,NA
numpy_numpy.csv,stuartarchibald,6698,TRUE,Merged,NA,NA
numpy_numpy.csv,sturlamolden,5219,TRUE,Closed,NA,NA
numpy_numpy.csv,tacaswell,4618,TRUE,Closed,NA,NA
numpy_numpy.csv,tadeu,7558,TRUE,Merged,NA,NA
numpy_numpy.csv,takluyver,4174,TRUE,Closed,NA,NA
numpy_numpy.csv,tecki,144,TRUE,Closed,NA,NA
numpy_numpy.csv,teoliphant,204,TRUE,Closed,NA,NA
numpy_numpy.csv,theodoregoetz,9626,TRUE,Merged,NA,NA
numpy_numpy.csv,thouis,172,TRUE,Closed,NA,NA
numpy_numpy.csv,timcera,186,TRUE,Closed,NA,NA
numpy_numpy.csv,tkamishima,7793,TRUE,Merged,NA,NA
numpy_numpy.csv,tom-bird,8364,TRUE,Merged,NA,NA
numpy_numpy.csv,tovrstra,5149,TRUE,Merged,NA,NA
numpy_numpy.csv,tylerjereddy,10327,TRUE,Merged,NA,NA
numpy_numpy.csv,vanossj,10563,TRUE,Merged,NA,NA
numpy_numpy.csv,wackywendell,6576,TRUE,Merged,NA,NA
numpy_numpy.csv,walshb,106,TRUE,Merged,NA,NA
numpy_numpy.csv,WarrenWeckesser,185,TRUE,Closed,NA,NA
numpy_numpy.csv,warut-vijit,8739,TRUE,Merged,NA,NA
numpy_numpy.csv,WeatherGod,166,TRUE,Closed,NA,NA
numpy_numpy.csv,wrwrwr,8114,TRUE,Merged,NA,NA
numpy_numpy.csv,xuhdev,9919,TRUE,Closed,NA,NA
numpy_numpy.csv,YannickJadoul,11852,TRUE,Merged,NA,NA
numpy_numpy.csv,yarikoptic,285,TRUE,Merged,NA,NA
numpy_numpy.csv,yashmehrotra,6236,TRUE,Merged,NA,NA
numpy_numpy.csv,yw5aj,5316,TRUE,Merged,NA,NA
numpy_numpy.csv,zerothi,5854,TRUE,Closed,NA,NA
opentx_opentx.csv,3djc,3493,TRUE,Merged,NA,NA
opentx_opentx.csv,adriano65,1893,TRUE,Merged,NA,NA
opentx_opentx.csv,bsongis,1444,TRUE,Closed,NA,NA
opentx_opentx.csv,driver33,630,TRUE,Merged,NA,NA
opentx_opentx.csv,dsbeach,2853,TRUE,Merged,NA,NA
opentx_opentx.csv,floaledm,3363,TRUE,Merged,NA,NA
opentx_opentx.csv,HakanBastedt,3114,TRUE,Merged,NA,NA
opentx_opentx.csv,jtaylor2,2832,TRUE,Merged,NA,NA
opentx_opentx.csv,kilrah,188,TRUE,Closed,NA,NA
opentx_opentx.csv,mhotar,5371,TRUE,Merged,NA,NA
opentx_opentx.csv,MicheleVilla,1989,TRUE,Merged,NA,NA
opentx_opentx.csv,mikeller,6036,TRUE,Merged,NA,NA
opentx_opentx.csv,mpaperno,2170,TRUE,Merged,NA,NA
opentx_opentx.csv,openfsguruh,1104,TRUE,Merged,NA,NA
opentx_opentx.csv,projectkk2glider,1439,TRUE,Closed,NA,NA
opentx_opentx.csv,raphaelcoeffic,2606,TRUE,Merged,NA,NA
opentx_opentx.csv,rcbebo82,3921,TRUE,Merged,NA,NA
opentx_opentx.csv,schwabe,3426,TRUE,Merged,NA,NA
opentx_opentx.csv,xmxwx,2209,TRUE,Merged,NA,NA
scipy_scipy.csv,aarchiba,4648,TRUE,Merged,NA,NA
scipy_scipy.csv,adbugger,8546,TRUE,Merged,NA,NA
scipy_scipy.csv,adivijaykumar,7569,TRUE,Open,NA,NA
scipy_scipy.csv,aeklant,4618,TRUE,Merged,NA,NA
scipy_scipy.csv,akahard2dj,9035,TRUE,Merged,NA,NA
scipy_scipy.csv,AlexGrig,4488,TRUE,Closed,NA,NA
scipy_scipy.csv,aman-iitj,4309,TRUE,Closed,NA,NA
scipy_scipy.csv,andreas-h,2798,TRUE,Merged,NA,NA
scipy_scipy.csv,Andreea-G,4684,TRUE,Merged,NA,NA
scipy_scipy.csv,andrenarchy,3504,TRUE,Merged,NA,NA
scipy_scipy.csv,andyfaff,3444,TRUE,Closed,NA,NA
scipy_scipy.csv,ankit-maverick,3430,TRUE,Merged,NA,NA
scipy_scipy.csv,anntzer,3707,TRUE,Merged,NA,NA
scipy_scipy.csv,antonior92,6403,TRUE,Merged,NA,NA
scipy_scipy.csv,apbard,6655,TRUE,Closed,NA,NA
scipy_scipy.csv,argriffing,2886,TRUE,Merged,NA,NA
scipy_scipy.csv,ashwinpathak20,7423,TRUE,Merged,NA,NA
scipy_scipy.csv,astrofrog,3869,TRUE,Closed,NA,NA
scipy_scipy.csv,befelix,4572,TRUE,Merged,NA,NA
scipy_scipy.csv,behzadnouri,5000,TRUE,Merged,NA,NA
scipy_scipy.csv,bhavika,6285,TRUE,Merged,NA,NA
scipy_scipy.csv,bjude,8091,TRUE,Merged,NA,NA
scipy_scipy.csv,bmcage,3235,TRUE,Closed,NA,NA
scipy_scipy.csv,burnpanck,5792,TRUE,Merged,NA,NA
scipy_scipy.csv,cbrueffer,3820,TRUE,Merged,NA,NA
scipy_scipy.csv,cdeil,2941,TRUE,Merged,NA,NA
scipy_scipy.csv,cdouglass,7479,TRUE,Merged,NA,NA
scipy_scipy.csv,cgohlke,3064,TRUE,Closed,NA,NA
scipy_scipy.csv,charris,3857,TRUE,Merged,NA,NA
scipy_scipy.csv,chatcannon,3914,TRUE,Merged,NA,NA
scipy_scipy.csv,chemelnucfin,5457,TRUE,Closed,NA,NA
scipy_scipy.csv,chrisb83,8170,TRUE,Merged,NA,NA
scipy_scipy.csv,clarkfitzg,3992,TRUE,Closed,NA,NA
scipy_scipy.csv,ClemensFMN,2825,TRUE,Merged,NA,NA
scipy_scipy.csv,Dapid,2964,TRUE,Merged,NA,NA
scipy_scipy.csv,deepakgouda,8355,TRUE,Closed,NA,NA
scipy_scipy.csv,djarecka,2796,TRUE,Closed,NA,NA
scipy_scipy.csv,dlax,2916,TRUE,Merged,NA,NA
scipy_scipy.csv,drhagen,7420,TRUE,Merged,NA,NA
scipy_scipy.csv,drpeteb,5295,TRUE,Merged,NA,NA
scipy_scipy.csv,efiring,4604,TRUE,Closed,NA,NA
scipy_scipy.csv,endolith,2849,TRUE,Merged,NA,NA
scipy_scipy.csv,e-q,4465,TRUE,Closed,NA,NA
scipy_scipy.csv,eric-wieser,7182,TRUE,Merged,NA,NA
scipy_scipy.csv,eternia478,5318,TRUE,Open,NA,NA
scipy_scipy.csv,evanlimanto,7004,TRUE,Merged,NA,NA
scipy_scipy.csv,ev-br,2821,TRUE,Closed,NA,NA
scipy_scipy.csv,evgenyzhurko,6847,TRUE,Merged,NA,NA
scipy_scipy.csv,ewmoore,2804,TRUE,Closed,NA,NA
scipy_scipy.csv,f0k,4718,TRUE,Merged,NA,NA
scipy_scipy.csv,FormerPhysicist,8615,TRUE,Merged,NA,NA
scipy_scipy.csv,FRidh,4824,TRUE,Open,NA,NA
scipy_scipy.csv,gertingold,2809,TRUE,Merged,NA,NA
scipy_scipy.csv,gfyoung,5777,TRUE,Merged,NA,NA
scipy_scipy.csv,ghost,4298,TRUE,Closed,NA,NA
scipy_scipy.csv,giorgiop,5228,TRUE,Merged,NA,NA
scipy_scipy.csv,Gotham13121997,9278,TRUE,Merged,NA,NA
scipy_scipy.csv,grlee77,4000,TRUE,Merged,NA,NA
scipy_scipy.csv,haudren,5017,TRUE,Merged,NA,NA
scipy_scipy.csv,helderc,4049,TRUE,Closed,NA,NA
scipy_scipy.csv,horta,3944,TRUE,Merged,NA,NA
scipy_scipy.csv,ilayn,6569,TRUE,Closed,NA,NA
scipy_scipy.csv,insertinterestingnamehere,4388,TRUE,Merged,NA,NA
scipy_scipy.csv,I--P,4294,TRUE,Closed,NA,NA
scipy_scipy.csv,jaimefrio,7483,TRUE,Merged,NA,NA
scipy_scipy.csv,jakevdp,7319,TRUE,Closed,NA,NA
scipy_scipy.csv,jamestwebber,3200,TRUE,Merged,NA,NA
scipy_scipy.csv,jennystone,3809,TRUE,Merged,NA,NA
scipy_scipy.csv,jfbu,8636,TRUE,Merged,NA,NA
scipy_scipy.csv,jnothman,3245,TRUE,Merged,NA,NA
scipy_scipy.csv,jor-,4961,TRUE,Merged,NA,NA
scipy_scipy.csv,jseabold,3104,TRUE,Closed,NA,NA
scipy_scipy.csv,juliantaylor,2979,TRUE,Merged,NA,NA
scipy_scipy.csv,jwilk,6251,TRUE,Merged,NA,NA
scipy_scipy.csv,Kai-Striega,8907,TRUE,Merged,NA,NA
scipy_scipy.csv,karischoonbee,6321,TRUE,Merged,NA,NA
scipy_scipy.csv,kdavies4,3584,TRUE,Closed,NA,NA
scipy_scipy.csv,kleskjr,5661,TRUE,Merged,NA,NA
scipy_scipy.csv,lagru,8261,TRUE,Merged,NA,NA
scipy_scipy.csv,larsmans,2824,TRUE,Closed,NA,NA
scipy_scipy.csv,larsoner,2991,TRUE,Merged,NA,NA
scipy_scipy.csv,lesteve,4147,TRUE,Closed,NA,NA
scipy_scipy.csv,lhilt,6400,TRUE,Merged,NA,NA
scipy_scipy.csv,loujine,2791,TRUE,Merged,NA,NA
scipy_scipy.csv,luzpaz,8090,TRUE,Merged,NA,NA
scipy_scipy.csv,madphysicist,5806,TRUE,Merged,NA,NA
scipy_scipy.csv,maniteja123,4413,TRUE,Merged,NA,NA
scipy_scipy.csv,MartinThoma,7246,TRUE,Merged,NA,NA
scipy_scipy.csv,matthew-brett,3862,TRUE,Merged,NA,NA
scipy_scipy.csv,mdhaber,7120,TRUE,Merged,NA,NA
scipy_scipy.csv,mherkazandjian,6716,TRUE,Merged,NA,NA
scipy_scipy.csv,migueldvb,9021,TRUE,Merged,NA,NA
scipy_scipy.csv,mikofski,8414,TRUE,Open,NA,NA
scipy_scipy.csv,mirca,5863,TRUE,Merged,NA,NA
scipy_scipy.csv,mohmmadd,8817,TRUE,Merged,NA,NA
scipy_scipy.csv,mortonjt,4439,TRUE,Merged,NA,NA
scipy_scipy.csv,mp4096,6505,TRUE,Merged,NA,NA
scipy_scipy.csv,Newman101,4809,TRUE,Merged,NA,NA
scipy_scipy.csv,nils-werner,6895,TRUE,Closed,NA,NA
scipy_scipy.csv,nmayorov,4542,TRUE,Merged,NA,NA
scipy_scipy.csv,nonhermitian,6457,TRUE,Merged,NA,NA
scipy_scipy.csv,NULL,2940,TRUE,Merged,NA,NA
scipy_scipy.csv,ogrisel,3468,TRUE,Merged,NA,NA
scipy_scipy.csv,otizonaizit,3936,TRUE,Merged,NA,NA
scipy_scipy.csv,pasky,3320,TRUE,Merged,NA,NA
scipy_scipy.csv,pbrod,6241,TRUE,Merged,NA,NA
scipy_scipy.csv,pdebuyl,2788,TRUE,Merged,NA,NA
scipy_scipy.csv,perimosocordiae,3055,TRUE,Merged,NA,NA
scipy_scipy.csv,person142,5556,TRUE,Merged,NA,NA
scipy_scipy.csv,philipdeboer,8186,TRUE,Merged,NA,NA
scipy_scipy.csv,proinsias,5602,TRUE,Merged,NA,NA
scipy_scipy.csv,pv,2778,TRUE,Merged,NA,NA
scipy_scipy.csv,pvanmulbregt,7424,TRUE,Closed,NA,NA
scipy_scipy.csv,rafalalgo,8937,TRUE,Merged,NA,NA
scipy_scipy.csv,rainwoodman,5645,TRUE,Merged,NA,NA
scipy_scipy.csv,raoulbq,3984,TRUE,Merged,NA,NA
scipy_scipy.csv,rc,6084,TRUE,Closed,NA,NA
scipy_scipy.csv,rgommers,2801,TRUE,Merged,NA,NA
scipy_scipy.csv,richardtsai,3039,TRUE,Merged,NA,NA
scipy_scipy.csv,rmcgibbo,3632,TRUE,Merged,NA,NA
scipy_scipy.csv,samyak0210,8437,TRUE,Merged,NA,NA
scipy_scipy.csv,sciunto,8785,TRUE,Merged,NA,NA
scipy_scipy.csv,sgubianpm,8201,TRUE,Merged,NA,NA
scipy_scipy.csv,shaunagm,3180,TRUE,Merged,NA,NA
scipy_scipy.csv,sieben,5465,TRUE,Merged,NA,NA
scipy_scipy.csv,simongibbons,5876,TRUE,Merged,NA,NA
scipy_scipy.csv,smopucilowski,6465,TRUE,Merged,NA,NA
scipy_scipy.csv,souravsingh,5931,TRUE,Merged,NA,NA
scipy_scipy.csv,sriki18,6591,TRUE,Closed,NA,NA
scipy_scipy.csv,stefanv,4890,TRUE,Merged,NA,NA
scipy_scipy.csv,stsievert,5606,TRUE,Merged,NA,NA
scipy_scipy.csv,sturlamolden,4104,TRUE,Closed,NA,NA
scipy_scipy.csv,tacaswell,3061,TRUE,Closed,NA,NA
scipy_scipy.csv,thomaskeck,6793,TRUE,Merged,NA,NA
scipy_scipy.csv,timcera,6293,TRUE,Merged,NA,NA
scipy_scipy.csv,Tokixix,8296,TRUE,Merged,NA,NA
scipy_scipy.csv,tpudlik,5394,TRUE,Merged,NA,NA
scipy_scipy.csv,tylerjereddy,6680,TRUE,Merged,NA,NA
scipy_scipy.csv,venthur,3921,TRUE,Closed,NA,NA
scipy_scipy.csv,vigna,5749,TRUE,Merged,NA,NA
scipy_scipy.csv,vyasr,9024,TRUE,Open,NA,NA
scipy_scipy.csv,WarrenWeckesser,2800,TRUE,Closed,NA,NA
scipy_scipy.csv,woodscn,3827,TRUE,Merged,NA,NA
scipy_scipy.csv,ZacDiggum,6887,TRUE,Open,NA,NA
scipy_scipy.csv,zerothi,5267,TRUE,Merged,NA,NA
WhisperSystems_Signal-iOS.csv,abolishme,423,TRUE,Merged,NA,NA
WhisperSystems_Signal-iOS.csv,big-r81,841,TRUE,Closed,NA,NA
WhisperSystems_Signal-iOS.csv,charlesmchen,1600,TRUE,Merged,NA,NA
WhisperSystems_Signal-iOS.csv,charlesmchen-signal,3240,TRUE,Closed,NA,NA
WhisperSystems_Signal-iOS.csv,christophhagen,1798,TRUE,Merged,NA,NA
WhisperSystems_Signal-iOS.csv,corbett,422,TRUE,Merged,NA,NA
WhisperSystems_Signal-iOS.csv,FredericJacobs,513,TRUE,Closed,NA,NA
WhisperSystems_Signal-iOS.csv,jackflips,735,TRUE,Closed,NA,NA
WhisperSystems_Signal-iOS.csv,joyceyan,411,TRUE,Merged,NA,NA
WhisperSystems_Signal-iOS.csv,michaelkirk,1105,TRUE,Merged,NA,NA
WhisperSystems_Signal-iOS.csv,michaelkirk-signal,3230,TRUE,Merged,NA,NA
WhisperSystems_Signal-iOS.csv,NULL,3930,TRUE,Open,NA,NA
WhisperSystems_Signal-iOS.csv,shibacomputer,518,TRUE,Closed,NA,NA
